Gender,Marital Status,Education,Settlement Size,Occupation,Income,Age
0,0,3,2,2,185611,50
0,1,1,0,1,114778,30
0,1,1,0,0,132788,34
0,1,3,2,2,209671,55
1,1,1,2,1,118593,44
1,0,2,1,1,87335,29
0,1,3,2,2,238448,61
0,1,3,1,2,129311,38
1,0,1,2,1,124709,45
0,1,1,0,1,169269,42
0,1,1,0,1,124244,33
0,1,3,2,2,222100,57
0,1,1,0,1,144136,37
0,1,3,2,2,219755,57
1,1,0,2,1,111570,43
1,1,0,0,1,134285,47
0,0,3,2,2,206178,54
1,0,2,1,1,83953,28
0,1,3,2,2,217139,56
1,0,0,2,1,86953,37
0,1,3,2,2,247562,63
0,1,3,1,2,135606,39
0,0,3,2,2,203097,53
1,0,1,2,1,122290,45
0,1,1,0,1,115637,31
1,0,2,1,1,70884,25
1,0,0,2,1,121641,45
0,1,2,1,1,129773,38
0,0,3,2,2,196367,52
1,0,1,0,1,151652,51
0,1,2,2,1,122521,36
0,1,1,0,0,144465,37
0,1,3,2,2,287270,71
1,0,2,1,1,94622,30
0,0,3,2,2,207178,54
1,0,0,0,1,147189,50
1,1,1,2,1,116763,44
0,1,3,0,2,208009,55
0,1,1,0,0,167858,42
0,1,1,0,1,147619,37
0,0,3,2,2,196552,52
0,1,1,0,1,121935,32
1,0,1,2,1,115599,43
1,0,2,1,1,59612,23
1,0,3,2,2,171474,47
1,1,1,2,1,109454,42
0,0,2,1,1,107043,33
1,0,3,2,2,72573,26
1,1,1,2,1,125229,45
1,0,1,0,1,103661,28
0,1,1,0,1,139366,36
1,0,2,1,1,94319,30
0,0,3,2,2,194229,52
0,1,1,0,1,134646,35
0,0,3,2,2,188664,50
1,0,1,2,1,117984,44
0,1,1,0,1,113789,30
0,1,3,2,2,259110,65
1,0,3,2,2,168683,46
0,0,0,2,1,59675,32
1,1,1,0,1,139341,48
1,0,3,2,2,180320,49
1,0,1,0,1,90026,25
1,1,1,2,1,108852,42
1,0,0,2,1,102272,41
1,0,3,2,2,184194,49
0,0,3,2,2,188392,50
1,0,1,0,1,144304,49
1,1,0,2,1,91745,38
1,0,1,0,0,101489,28
0,0,2,1,1,106400,33
1,0,1,0,1,127051,46
0,1,1,0,0,139178,36
0,0,3,2,2,199661,53
0,0,3,2,2,192457,51
0,0,3,2,2,187281,50
0,1,3,2,2,221182,57
0,1,1,0,0,134643,35
0,1,1,0,1,130441,34
1,0,2,2,1,77368,27
1,1,1,2,1,108071,42
1,1,1,2,1,94763,39
1,0,1,2,1,123681,45
1,0,3,1,1,67069,25
0,1,1,0,0,118186,31
0,0,3,2,2,195710,52
1,0,3,1,1,80638,28
0,1,3,2,2,241782,62
0,0,3,2,1,106693,33
0,1,1,0,1,118163,31
1,0,2,1,1,78691,27
0,1,1,0,1,126339,33
0,0,3,2,2,188972,50
0,1,3,2,2,214681,56
1,0,3,2,2,160346,44
1,0,2,1,1,93520,30
0,0,3,2,2,192752,51
1,1,1,2,1,108526,42
1,1,1,2,1,117578,44
1,1,0,2,1,116302,44
1,0,1,0,1,108486,29
1,0,2,1,1,82378,28
1,1,1,2,1,91767,38
0,0,3,1,1,104615,33
1,0,3,2,2,157966,44
0,0,2,2,1,96107,31
1,0,2,1,1,78020,27
0,0,2,1,1,96624,31
0,1,2,1,1,113568,34
1,1,1,2,1,90356,38
1,0,3,1,1,85542,29
0,1,3,2,2,215892,56
0,1,1,0,1,128544,33
0,1,1,0,1,143037,36
0,0,3,2,2,207783,54
0,1,1,0,1,125779,33
0,1,1,0,1,114972,31
1,0,2,1,1,78014,27
1,0,2,1,1,87114,29
0,0,2,1,1,102623,32
1,1,0,2,1,96567,39
0,1,1,0,0,136477,35
0,1,1,0,1,135364,35
0,1,1,0,0,139751,36
0,1,3,1,1,133289,39
1,1,1,2,1,93505,39
0,0,3,2,2,201234,53
0,1,1,0,1,138418,36
0,1,1,0,1,112899,30
0,0,3,2,1,203935,54
1,1,1,0,1,141415,49
0,1,1,0,0,144452,37
1,0,2,1,1,84473,28
0,1,1,0,0,166872,42
0,1,3,2,2,236427,61
1,0,3,2,2,174061,47
0,1,1,0,1,156293,39
1,1,0,2,1,105491,41
0,1,1,0,1,117848,31
0,1,1,2,1,64924,33
1,0,2,2,1,85780,29
1,0,3,1,1,86779,29
0,0,3,2,2,194158,52
1,0,3,2,2,182352,49
0,1,1,0,1,167659,42
1,0,3,1,1,78058,27
0,1,2,1,1,116506,35
0,1,3,1,1,112006,34
1,0,3,2,2,158904,44
1,0,0,2,1,86262,37
0,1,1,0,1,128068,33
0,1,1,0,1,128789,33
0,1,1,0,0,154040,39
0,1,1,0,1,117645,31
0,1,3,2,2,209524,55
0,1,3,2,2,217948,57
1,0,3,2,2,181664,49
0,0,3,0,2,194618,52
1,0,1,0,1,97945,27
1,0,0,0,1,125557,46
1,0,0,2,1,106341,41
1,1,1,2,1,112924,43
0,1,3,2,2,223776,58
1,0,0,0,1,135510,48
1,0,1,0,1,106912,29
1,0,2,1,1,78305,27
0,1,3,2,2,223320,58
0,0,2,1,1,103742,32
0,0,2,1,1,102254,32
0,1,3,2,2,238847,61
0,1,2,1,1,114421,35
1,0,3,1,1,81366,28
0,1,1,0,1,122870,32
0,1,1,0,0,112008,30
1,0,3,2,2,176624,48
1,0,1,2,1,113498,43
0,1,3,2,2,213304,56
1,0,2,1,1,91862,30
0,1,1,0,1,128046,33
0,0,3,2,2,201064,53
0,1,3,2,2,244843,62
1,0,2,1,1,82362,28
1,0,0,2,1,112383,43
1,0,3,2,2,172124,47
1,0,0,2,1,108911,42
0,1,1,0,1,117866,31
0,1,1,0,1,132200,34
0,1,3,2,2,225611,58
1,0,3,1,2,90323,30
0,0,2,1,1,106522,33
1,0,1,0,1,96251,27
0,1,3,2,2,215644,56
0,1,1,0,1,131162,34
0,0,3,2,1,202218,53
1,0,2,1,1,133807,47
1,1,0,2,1,124514,45
1,0,2,1,2,88478,29
1,0,2,1,1,75852,26
1,0,3,1,1,93882,30
1,0,1,2,1,107054,42
1,1,1,0,1,129079,46
1,0,2,1,1,71509,26
0,1,1,0,1,155574,39
1,0,3,2,2,190599,51
0,0,3,2,2,194145,52
0,1,1,0,1,127980,33
1,1,1,2,1,116867,44
0,1,3,2,2,213026,56
1,0,1,0,1,139219,48
0,1,1,0,1,131288,34
0,1,3,2,1,232768,60
0,0,2,1,2,105728,33
1,0,0,2,1,116825,44
1,0,2,1,1,80152,27
0,0,3,2,2,192647,51
0,1,1,0,1,162711,41
0,0,3,2,2,194069,52
1,0,0,2,1,88744,38
0,1,1,0,1,143918,37
0,1,2,1,1,114443,35
0,0,3,1,1,101517,32
1,0,3,2,2,180392,49
1,0,2,1,1,66937,25
1,0,0,2,1,113165,43
1,0,1,0,0,109117,29
0,1,1,0,1,151614,38
1,0,2,1,1,80247,27
0,1,3,2,2,225839,58
1,0,0,2,1,100086,40
0,1,1,0,1,111990,30
1,1,0,2,1,112615,43
1,0,2,1,1,55974,22
0,1,1,2,1,68181,33
1,0,3,1,1,91050,30
1,1,0,0,1,128557,46
0,1,3,2,2,211841,55
0,0,3,2,2,197009,52
0,1,3,2,2,224159,58
0,1,3,2,2,222711,58
0,1,3,2,2,218296,57
1,0,3,1,1,63914,24
0,1,1,0,0,145698,37
0,1,3,2,2,280051,70
1,0,2,1,1,70009,25
0,1,3,2,2,207976,55
1,1,1,2,1,110458,42
1,0,1,0,1,133144,47
1,0,3,2,1,178990,48
1,0,3,2,2,153872,43
0,1,1,0,1,151604,38
0,1,1,0,0,125090,33
0,1,1,0,1,137739,35
1,0,2,1,1,71488,26
1,0,1,0,0,133864,47
1,0,3,1,2,69602,25
1,0,1,2,1,120440,44
0,1,3,2,1,232018,60
0,1,1,0,1,149086,38
1,0,2,1,1,76175,27
1,0,1,0,1,108054,29
0,1,3,2,2,209126,55
0,1,1,0,0,120602,32
1,0,2,1,1,88105,29
1,0,2,1,1,65405,24
0,0,3,2,2,194719,52
1,0,3,2,2,167804,46
0,0,2,1,1,96348,31
0,0,3,2,2,204237,54
1,0,1,2,1,109995,42
0,1,3,1,2,119355,36
0,0,3,2,2,189628,51
1,0,1,0,0,109793,29
1,0,3,1,1,79761,27
1,0,1,0,1,132132,47
1,0,3,1,1,65198,24
1,1,1,2,1,118957,44
1,0,3,2,2,175306,48
0,0,2,1,2,96851,31
1,0,3,1,1,78203,27
0,0,2,1,1,100249,32
1,1,0,2,1,110317,42
1,1,0,2,1,99833,40
1,0,2,1,2,71653,26
1,0,3,1,1,58263,23
1,0,2,1,1,70403,25
1,1,3,0,2,209261,55
0,1,1,0,1,111175,30
0,1,2,1,1,125228,37
0,1,3,1,1,126099,37
1,0,2,1,1,91798,30
0,1,1,0,1,124481,33
0,1,1,0,1,135041,35
1,0,3,0,1,201079,53
1,1,3,2,2,240182,61
0,1,1,0,1,154168,39
0,1,3,2,2,209057,55
1,1,0,2,1,122813,45
0,1,2,1,1,120989,36
0,1,2,1,1,110480,34
0,1,1,0,1,119333,31
1,0,3,2,2,180302,49
1,0,1,2,1,124148,45
0,1,1,0,1,156861,39
1,0,2,1,1,74419,26
0,1,3,2,2,221148,57
1,0,3,1,1,73465,26
1,0,1,2,1,102185,41
0,1,1,0,0,167850,42
1,0,2,1,1,83075,28
1,0,2,1,2,82153,28
1,0,1,0,1,165904,54
0,0,3,2,2,205435,54
0,1,1,0,1,120585,32
1,0,3,1,1,85918,29
1,0,1,2,1,95706,39
0,0,3,1,2,106680,33
0,1,1,0,1,112147,30
1,0,1,0,1,103900,28
1,1,1,2,1,84124,37
0,0,1,0,1,131997,34
0,1,1,0,1,119045,31
1,0,0,2,1,96770,39
0,1,3,2,2,227457,59
1,1,0,2,1,104703,41
0,0,3,2,2,188489,50
1,0,3,2,2,183007,49
0,1,2,1,2,112841,34
1,0,1,0,1,91410,26
0,0,3,2,2,191332,51
0,1,3,2,2,223493,58
0,1,3,2,2,234346,60
1,0,2,1,1,61591,23
0,1,3,2,1,227692,59
0,1,1,0,1,117790,31
1,1,0,0,1,127457,46
0,1,1,0,1,182370,45
1,0,1,2,1,93625,39
0,0,2,1,1,95828,31
1,0,3,2,2,206942,54
0,1,1,0,1,154922,39
1,1,1,0,1,127592,46
0,1,3,2,1,229495,59
0,1,1,0,0,116210,31
0,1,1,2,1,78195,35
0,1,3,2,2,236243,60
1,1,1,2,1,109405,42
1,0,1,0,0,102159,28
0,1,1,0,0,110435,30
1,1,1,0,1,134493,47
1,1,0,2,1,106584,41
1,0,0,2,1,108609,42
0,1,1,0,1,160798,40
0,1,1,0,1,150223,38
0,1,1,0,1,133592,34
0,1,3,1,1,122865,36
1,1,1,2,1,91576,38
1,1,3,0,1,210627,55
0,1,3,2,2,215029,56
1,0,3,1,1,75101,26
1,0,2,1,1,65683,24
0,1,3,1,1,120462,36
0,0,2,1,1,106446,33
1,0,0,0,1,142522,49
1,1,0,2,1,92018,38
1,1,0,2,1,89502,38
0,1,3,1,1,111257,34
1,0,1,2,1,121027,45
0,1,2,1,1,109687,34
1,0,3,1,1,74058,26
0,1,1,0,1,111740,30
1,0,1,2,1,92135,38
1,1,1,2,1,125422,45
0,1,1,0,1,151917,38
1,0,0,2,1,97892,40
0,1,1,0,1,132753,34
0,0,3,2,2,194999,52
0,1,3,2,2,233431,60
1,1,0,2,1,105673,41
1,0,3,1,2,77210,27
0,1,1,0,0,154598,39
0,0,3,2,2,196577,52
1,0,2,1,1,77478,27
1,0,1,0,1,102056,28
1,0,2,1,1,90445,30
1,0,2,1,1,71515,26
0,1,1,0,1,134818,35
0,0,3,2,2,202228,53
0,0,1,2,1,73841,35
1,0,2,1,1,79325,27
1,0,2,1,1,85472,29
1,0,3,2,2,164417,45
0,1,1,0,1,112731,30
1,1,1,2,1,101697,40
0,0,3,1,1,95059,31
1,0,3,2,2,164797,45
0,1,1,0,1,135353,35
0,1,1,2,1,78062,35
0,1,1,0,1,129538,34
0,1,1,0,0,147380,37
1,0,3,2,1,184269,49
1,1,0,0,1,147004,50
0,1,3,2,1,231699,60
0,1,1,0,1,141492,36
1,0,2,2,1,88223,29
1,1,0,2,1,117050,44
1,1,1,2,1,96991,39
0,1,1,0,1,164262,41
0,1,1,0,1,143066,36
0,1,3,2,2,243977,62
0,1,1,0,1,137488,35
1,1,0,2,1,92891,39
0,1,1,0,1,131199,34
1,0,2,1,2,87128,29
0,1,1,2,1,61079,32
0,1,1,0,1,142380,36
0,0,3,2,1,186432,50
0,1,1,0,1,121759,32
0,1,1,0,1,143914,37
0,0,3,2,2,190449,51
0,0,2,1,1,105373,33
1,0,1,2,1,103278,41
1,1,0,2,1,121424,45
0,1,1,0,0,125918,33
1,0,1,0,1,151033,51
0,1,3,0,2,216226,56
0,1,2,1,1,142965,41
1,0,2,1,1,67297,25
1,0,0,2,1,106868,42
1,1,1,2,1,113926,43
1,0,2,1,1,69504,25
0,0,3,2,1,195231,52
1,0,2,1,1,65447,24
1,0,2,1,1,93938,30
1,0,0,0,1,126542,46
0,1,1,0,1,141030,36
0,1,1,0,1,136366,35
0,1,1,0,0,167230,42
0,0,3,2,1,194497,52
0,0,2,2,1,105711,33
0,1,1,0,1,146242,37
0,0,2,1,2,99682,32
1,0,2,1,1,84957,28
1,0,1,2,1,98673,40
0,1,1,0,1,110343,30
0,0,2,1,1,100963,32
0,1,1,0,1,131363,34
1,0,2,1,1,93513,30
1,0,2,1,1,63841,24
1,1,0,2,1,105315,41
1,1,1,2,1,115508,43
0,1,1,0,1,170720,42
0,1,1,0,0,169566,42
1,0,1,0,1,93401,26
0,1,1,0,1,126467,33
1,0,0,2,1,106793,42
1,0,2,1,1,78416,27
1,0,3,0,1,208193,55
0,0,2,1,1,100109,32
0,1,1,0,1,132688,34
0,1,1,0,1,163359,41
0,1,1,0,1,135335,35
1,0,3,1,1,89976,29
0,1,1,0,1,164891,41
0,1,3,2,2,209953,55
0,1,1,0,1,127311,33
1,1,1,2,1,101048,40
1,0,2,1,1,83044,28
0,1,3,2,2,224419,58
1,1,0,2,1,106069,41
0,1,1,0,1,111482,30
1,0,2,1,1,82813,28
0,0,3,2,2,191447,51
0,1,1,0,0,124152,32
1,1,1,2,1,103287,41
0,1,1,0,0,149499,38
1,0,1,0,1,104739,28
0,0,3,1,1,98737,31
0,1,1,0,1,144828,37
1,0,2,1,1,79962,27
0,1,1,0,0,161828,40
1,0,1,0,1,102304,28
1,1,1,2,1,88054,38
1,1,1,2,1,124321,45
1,0,3,2,2,182837,49
1,1,1,2,1,85463,37
1,0,2,1,1,85138,28
0,1,1,0,1,143635,37
0,0,3,2,2,199961,53
1,0,1,2,1,121330,45
0,1,3,2,2,251819,64
0,1,3,2,2,238862,61
0,1,1,0,1,127477,33
1,0,3,2,2,172970,47
1,0,1,0,1,131013,47
1,0,1,0,0,105909,29
1,0,3,1,2,83556,28
1,1,0,2,1,110700,42
0,0,3,2,2,203031,53
1,1,1,0,1,135182,48
1,1,0,2,1,112964,43
0,1,1,0,1,129729,34
1,1,0,2,1,87485,37
0,0,3,2,2,190470,51
0,0,2,1,2,98783,31
1,1,0,2,1,100262,40
1,0,3,1,1,82323,28
1,0,3,1,1,84670,28
0,1,2,1,2,126481,37
1,1,1,2,1,110195,42
1,0,2,1,1,47922,21
0,1,3,2,2,212231,55
0,1,1,0,1,145719,37
0,1,2,1,1,117026,35
1,0,1,2,1,114474,43
0,1,1,0,1,186850,46
0,1,1,0,1,152774,39
0,0,3,2,2,205688,54
0,0,2,1,1,96546,31
1,0,0,2,1,112583,43
0,1,1,0,0,164359,41
1,0,1,2,1,86134,37
0,1,1,0,1,131319,34
0,1,2,1,1,110131,34
0,0,2,1,1,108881,33
1,1,1,2,1,96399,39
1,1,1,2,1,85428,37
1,0,0,0,1,132449,47
0,0,3,2,2,185518,50
1,0,1,0,1,104672,28
0,1,3,2,2,243126,62
1,1,0,2,1,88681,38
1,0,0,2,1,85582,37
1,0,2,1,1,62360,24
0,1,1,0,1,136869,35
0,0,2,1,1,107945,33
1,1,0,2,1,104584,41
0,1,1,0,0,122845,32
1,0,3,1,1,84604,28
0,1,1,0,0,168494,42
1,1,1,2,1,115165,43
1,0,1,0,1,131042,47
0,0,3,1,1,96402,31
0,1,3,2,2,217504,57
1,0,1,2,1,94930,39
0,0,3,1,1,99176,31
1,0,2,1,1,86009,29
1,1,0,0,1,140342,49
1,1,3,2,2,211174,55
1,0,2,1,1,91541,30
0,1,1,0,1,161588,40
1,1,1,2,1,99858,40
0,0,3,2,2,193460,51
1,0,0,0,1,239014,61
1,0,1,0,1,160095,53
1,0,0,2,1,86027,37
1,0,1,2,1,113554,43
0,1,3,2,2,213490,56
0,0,3,2,2,194093,52
0,1,3,2,2,248822,63
1,1,1,2,1,99198,40
0,1,1,0,1,124109,32
1,0,3,1,1,94075,30
1,0,2,1,1,68304,25
0,1,2,1,1,109089,34
1,0,2,1,1,83582,28
0,0,2,2,1,99640,32
1,0,2,1,1,77990,27
1,0,2,1,1,91245,30
0,0,3,2,2,200000,53
1,1,1,2,1,81449,36
1,0,1,2,1,123425,45
0,1,1,0,1,157135,39
0,0,3,2,2,199594,53
0,1,1,0,1,135885,35
0,0,3,2,2,185493,50
0,1,1,0,1,143844,37
1,1,1,2,1,109579,42
1,0,1,2,1,117109,44
0,0,2,1,1,98542,31
0,0,1,2,0,59156,31
1,0,2,1,1,71899,26
0,1,3,2,2,241162,62
0,1,1,0,1,154535,39
1,0,2,1,1,62251,24
1,0,2,1,1,84785,28
1,0,1,2,1,88120,38
1,0,1,0,1,108382,29
1,0,3,2,2,179348,48
0,1,1,0,1,125368,33
1,0,1,0,1,97965,27
0,1,1,0,1,151641,38
1,0,3,2,2,169580,46
1,0,2,1,1,63655,24
0,1,3,2,2,223885,58
0,0,2,1,1,98172,31
0,0,3,1,2,95273,31
1,0,1,0,1,126086,46
0,1,1,0,1,112007,30
0,0,3,1,1,100899,32
1,1,1,2,1,103915,41
1,0,3,2,2,174555,47
0,1,3,2,2,209700,55
1,0,1,0,1,166453,54
1,0,0,2,1,110207,42
0,1,2,1,1,116046,35
0,0,2,1,1,106702,33
1,0,2,1,1,87995,29
0,0,3,1,1,95446,31
0,1,2,1,2,138369,40
1,0,1,2,1,121887,45
0,0,3,2,2,198883,53
1,1,0,2,1,97607,40
1,0,3,2,2,201961,53
1,0,1,0,0,100103,27
0,1,1,0,1,123471,32
1,0,2,2,1,94606,30
0,1,1,0,1,159140,40
1,1,1,2,0,117146,44
0,1,1,0,1,141987,36
0,1,2,1,1,144524,41
0,1,1,0,0,167259,42
0,1,1,0,1,143476,37
0,1,1,0,1,130576,34
0,1,1,0,1,124151,32
1,0,2,1,1,69317,25
0,1,3,2,2,243553,62
1,0,3,1,1,65926,24
0,1,1,0,1,173396,43
0,1,1,0,1,157097,39
0,0,3,2,2,189337,51
1,0,0,0,1,130619,47
0,1,1,0,1,146875,37
1,1,0,0,1,149045,50
1,1,0,2,1,94730,39
0,1,1,0,1,168550,42
1,0,1,0,1,104394,28
0,0,3,2,2,197841,52
0,0,2,1,2,95266,31
1,0,0,2,1,103794,41
1,1,1,2,1,121051,45
1,0,3,1,1,94621,30
1,0,3,2,2,196081,52
0,0,3,2,2,202465,53
1,0,1,2,1,123863,45
0,1,3,1,1,109232,34
0,1,1,2,1,76157,35
1,1,3,0,2,215184,56
1,0,1,2,1,84709,37
0,1,1,0,1,113321,30
1,1,3,2,2,217006,56
0,1,2,1,1,117317,35
0,1,3,2,2,244526,62
1,0,2,1,1,91927,30
0,0,3,1,1,103676,32
0,0,3,1,1,95763,31
1,1,1,2,1,99419,40
0,1,1,0,1,135699,35
0,1,3,0,2,222988,58
0,1,1,0,1,121098,32
0,1,1,0,1,142288,36
0,1,3,2,2,250789,64
0,1,1,0,0,132035,34
1,0,3,2,2,206819,54
0,1,3,0,1,232628,60
1,0,1,0,1,136613,48
1,0,1,2,1,116060,43
1,0,2,1,1,66445,24
0,1,1,0,1,136194,35
1,1,1,0,1,127026,46
1,1,1,2,1,113155,43
1,0,1,2,1,115813,43
1,0,0,2,1,95797,39
0,1,1,0,0,145576,37
1,0,2,1,1,84125,28
0,1,1,0,1,115030,31
1,0,2,1,1,78834,27
0,0,2,1,1,108485,33
1,0,3,2,2,165299,45
0,1,3,2,2,241924,62
1,1,0,0,1,130108,46
1,1,0,0,1,134976,48
1,0,0,2,1,99319,40
0,0,2,1,1,97238,31
0,1,1,0,1,118314,31
0,1,1,0,1,137622,35
1,0,1,2,1,85098,37
1,0,3,1,1,69803,25
1,0,1,2,1,109647,42
1,0,1,2,1,108817,42
1,0,2,1,1,92678,30
0,0,3,0,2,198549,53
0,1,1,0,1,164695,41
1,1,0,2,1,109326,42
0,1,1,0,0,128667,33
1,0,1,2,1,79033,36
0,1,1,0,1,136551,35
1,0,3,1,2,93524,30
0,0,3,1,1,107421,33
1,0,1,2,1,122840,45
1,0,2,1,1,94492,30
1,1,1,2,1,113081,43
1,1,1,0,1,128849,46
0,1,1,0,1,137008,35
1,0,3,2,2,184042,49
0,1,1,0,1,120379,32
0,1,1,0,0,134620,35
0,0,0,2,1,69216,34
0,1,2,1,1,109492,34
1,1,1,2,1,105327,41
1,1,1,2,1,112635,43
0,1,1,0,1,118393,31
0,0,3,2,2,189744,51
0,1,3,2,2,212252,55
1,0,3,2,1,84870,28
1,0,0,0,1,135393,48
0,0,2,1,1,105204,33
1,0,2,1,1,72207,26
0,1,1,2,1,77169,35
0,0,2,1,1,97778,31
1,0,1,2,1,89545,38
0,1,1,0,1,169614,42
1,0,2,1,1,81243,28
0,1,3,1,1,130218,38
0,1,3,2,2,280828,70
1,0,2,1,1,86652,29
1,0,1,2,1,113931,43
1,0,1,0,1,100160,27
0,0,3,2,2,205383,54
0,1,3,1,1,124379,37
1,0,0,2,1,87911,38
1,1,1,2,1,120173,44
1,0,1,0,1,105391,29
0,1,3,2,1,211813,55
1,1,0,2,1,110006,42
1,1,0,2,1,104883,41
0,1,1,0,1,172978,43
0,1,2,1,1,118840,36
0,0,2,1,1,95590,31
1,0,0,2,1,94298,39
0,1,1,0,1,153443,39
0,1,1,0,1,127269,33
0,0,3,2,2,197604,52
0,1,1,0,1,165684,41
1,0,3,2,2,160123,44
0,1,1,0,0,166684,42
0,0,2,1,1,97408,31
1,0,3,2,2,161880,45
1,0,3,2,2,164312,45
1,0,3,2,2,200184,53
1,0,3,1,1,92811,30
1,1,1,2,1,88847,38
1,0,2,1,1,72246,26
0,1,1,0,1,135062,35
0,0,2,1,1,107831,33
1,1,0,0,1,132821,47
1,0,1,0,1,128071,46
1,1,1,2,1,125056,45
0,1,1,0,1,138168,35
1,0,3,1,1,72167,26
1,1,1,2,1,82164,36
0,0,2,1,1,95132,31
1,1,0,2,1,101154,40
0,1,1,0,0,118546,31
1,1,1,2,1,103945,41
0,1,1,0,1,165219,41
1,1,1,2,1,102010,41
0,0,2,1,1,100656,32
0,1,1,2,1,73110,34
0,1,1,0,1,163092,41
1,0,3,1,2,57892,23
1,0,3,1,1,84223,28
1,0,2,1,2,91755,30
1,0,2,1,2,85399,29
1,0,3,2,2,164378,45
0,1,3,2,2,217617,57
0,1,1,0,0,121638,32
1,0,2,1,1,85622,29
0,1,1,0,1,156664,39
0,1,3,2,2,222811,58
0,0,3,2,2,188250,50
0,0,3,2,2,203794,54
1,1,0,2,1,107671,42
0,0,3,2,2,190846,51
0,1,1,0,1,116769,31
0,1,1,0,1,131051,34
0,0,2,2,2,100223,32
1,1,1,0,1,156348,52
0,1,1,0,1,126854,33
1,0,3,1,1,56130,22
1,1,1,2,1,99315,40
0,1,3,0,2,223974,58
0,0,3,2,2,189426,51
0,1,1,0,1,122406,32
0,1,1,0,1,121010,32
0,0,0,2,1,60359,32
0,1,1,0,0,131575,34
1,0,1,2,1,87263,37
0,1,3,2,2,239554,61
1,1,1,2,1,82455,36
0,1,1,0,1,157225,39
0,1,1,0,0,114070,30
1,0,2,1,1,91783,30
1,0,2,1,1,73075,26
0,1,1,0,1,135529,35
0,0,3,2,2,206306,54
1,0,1,0,0,80897,23
0,0,3,2,2,205732,54
0,0,2,1,2,105536,33
0,0,3,2,2,196427,52
1,0,2,1,1,86574,29
1,0,3,1,1,74385,26
0,1,1,0,1,143819,37
1,1,0,0,1,141298,49
1,1,0,2,1,111937,43
0,1,1,0,1,131644,34
0,0,3,2,2,206520,54
1,0,3,1,2,66816,25
0,1,1,0,1,146320,37
1,1,3,2,2,219200,57
1,0,1,2,1,125449,45
0,1,3,2,2,219648,57
1,1,0,2,1,121444,45
1,1,1,2,1,92774,39
1,0,2,1,1,74800,26
0,1,3,2,1,223459,58
0,1,3,2,2,222303,58
0,1,1,0,1,156774,39
1,0,2,1,1,80111,27
0,1,1,0,0,120688,32
0,1,1,0,1,158108,40
0,1,1,0,1,132728,34
1,1,0,2,1,122004,45
0,0,2,1,1,95515,31
0,1,1,0,1,138599,36
1,0,3,2,1,173316,47
0,1,1,0,0,112110,30
0,1,1,0,1,113594,30
0,0,3,2,1,95200,31
0,0,3,2,1,193831,52
0,1,3,2,2,227745,59
1,0,2,1,1,94146,30
0,0,2,1,1,101274,32
0,1,1,0,1,124155,32
0,0,3,2,2,184719,50
0,0,3,2,2,206883,54
0,1,1,0,1,127243,33
1,0,2,1,1,62293,24
1,0,1,2,1,100294,40
1,0,1,2,1,112124,43
0,1,1,0,0,137929,35
0,1,1,0,1,135238,35
1,1,1,2,1,94562,39
0,0,3,2,2,199390,53
0,1,3,2,2,228001,59
1,0,2,1,2,81732,28
1,0,3,2,1,166731,46
0,0,3,1,1,101569,32
1,0,2,1,1,51941,21
0,1,1,2,1,77614,35
0,1,1,0,1,128871,33
1,1,0,0,1,133263,47
0,0,2,1,1,96817,31
0,1,3,2,2,230852,59
0,1,1,0,1,115461,31
0,1,1,0,1,141206,36
0,1,1,0,1,117159,31
1,1,0,2,1,102734,41
0,1,1,0,1,164112,41
0,1,1,0,1,127792,33
0,1,3,2,2,228178,59
0,1,1,0,1,122661,32
0,0,3,0,2,199764,53
0,1,1,0,1,140178,36
1,0,1,2,1,112394,43
0,1,1,0,0,128385,33
0,1,1,0,1,170322,42
0,0,3,0,2,185142,50
0,1,1,0,1,152577,39
0,0,3,0,2,200863,53
1,1,0,2,1,121713,45
1,1,1,2,1,95684,39
1,0,2,1,1,68253,25
0,1,1,0,1,113921,30
1,0,0,0,1,129965,46
1,1,1,2,1,92653,39
0,1,3,2,2,225072,58
0,0,3,1,1,95006,31
0,1,1,0,1,112846,30
1,0,1,0,1,160124,53
0,0,2,1,1,105928,33
0,1,1,0,1,124351,33
0,1,2,1,1,137084,39
1,0,3,2,2,180235,49
0,1,1,2,0,118222,44
1,0,2,1,2,83213,28
1,0,2,1,1,90678,30
0,1,1,0,0,168567,42
1,0,2,1,1,87037,29
1,0,3,1,1,78839,27
0,0,2,1,2,98409,31
0,0,2,1,2,102221,32
1,0,2,1,1,55729,22
1,0,2,1,1,77078,27
0,0,2,1,1,99552,32
0,1,1,0,0,127892,33
0,1,1,0,1,117637,31
0,0,3,2,1,192381,51
0,1,2,1,2,134063,39
1,0,2,1,2,82788,28
0,1,1,0,1,130638,34
0,1,1,0,1,120902,32
1,0,0,2,1,102580,41
1,0,2,1,2,60211,23
0,0,1,2,1,71638,34
1,1,1,2,1,101095,40
1,1,1,2,1,112336,43
1,0,0,0,1,125554,46
1,1,1,2,1,91666,38
0,0,3,2,2,186934,50
0,1,3,2,2,214407,56
0,1,1,0,1,140667,36
0,1,1,0,1,126368,33
1,1,1,2,1,115096,43
1,1,0,2,1,97053,39
0,1,1,0,1,144511,37
1,0,0,2,1,109425,42
0,1,3,2,2,212221,55
1,0,2,1,2,80787,28
1,1,0,0,1,130972,47
1,0,1,0,1,91105,25
1,1,0,2,1,106284,41
0,1,1,0,1,134658,35
1,0,2,1,1,93920,30
0,1,1,0,0,119326,31
0,0,2,1,1,97681,31
1,0,2,1,1,78039,27
1,0,2,1,1,94152,30
0,1,2,1,1,111295,34
0,1,1,0,1,121145,32
1,1,3,2,2,258076,65
0,1,1,0,1,130938,34
1,0,2,1,1,65342,24
1,0,2,1,1,79383,27
0,0,3,2,2,197806,52
0,0,3,2,2,195417,52
1,1,1,2,1,95669,39
1,0,3,2,2,165750,46
0,1,1,0,1,111813,30
0,1,3,1,2,138790,40
0,0,2,2,1,103325,32
1,0,1,2,1,122760,45
1,1,1,0,1,126132,46
0,1,1,0,0,120670,32
0,1,1,0,0,137026,35
0,1,1,0,1,117468,31
1,1,1,2,1,111561,43
0,1,2,1,1,134649,39
1,0,3,2,2,156653,44
1,1,1,2,1,97731,40
1,0,3,2,2,177668,48
0,1,1,0,1,150896,38
1,0,3,1,2,88655,29
1,0,3,2,2,177393,48
1,0,3,2,2,173611,47
1,1,0,2,1,91382,38
1,0,1,2,1,125323,45
1,1,1,2,1,118853,44
0,1,1,0,0,144683,37
0,0,2,1,2,107295,33
1,0,1,2,1,106460,41
0,1,3,2,2,217782,57
0,1,1,0,1,151689,38
0,1,1,0,1,154704,39
1,0,2,2,1,67620,25
0,1,1,0,1,123091,32
0,1,3,2,2,221095,57
0,1,1,0,0,124699,33
1,0,1,2,1,112692,43
0,1,1,0,0,138930,36
0,1,1,0,1,128381,33
0,1,1,0,1,134061,35
1,0,3,2,2,198898,53
0,0,3,1,1,107554,33
0,1,1,0,1,158633,40
0,1,1,0,1,116605,31
0,1,1,0,1,153330,39
1,0,2,1,1,71258,26
0,1,2,1,2,135693,39
1,1,1,2,1,106425,41
1,1,0,0,1,128651,46
0,1,3,2,2,215942,56
1,0,2,0,2,176435,48
1,0,3,1,2,70856,25
0,0,2,1,1,105508,33
1,1,0,2,1,96965,39
1,0,1,0,0,101344,28
0,1,3,2,1,240609,61
0,0,1,2,1,67727,33
0,1,1,0,1,161227,40
1,1,1,2,1,100598,40
0,1,1,0,1,129010,34
0,0,2,1,1,99441,31
1,0,0,0,1,126326,46
0,1,1,0,1,117997,31
1,0,1,2,1,98613,40
0,0,3,0,1,191300,51
0,0,3,2,2,189448,51
1,0,3,1,2,83778,28
1,0,1,0,1,102346,28
0,1,3,2,2,235825,60
0,1,1,0,1,132486,34
0,1,2,1,1,113269,34
0,0,1,2,1,66745,33
1,0,2,1,1,80093,27
0,0,3,2,2,185007,50
0,1,3,2,2,223848,58
1,0,1,0,1,148031,50
1,1,0,0,1,138967,48
1,0,0,2,1,111143,42
1,0,0,2,1,95884,39
1,0,2,1,1,68997,25
0,1,1,0,0,119213,31
0,1,1,0,1,121058,32
0,1,1,0,1,136712,35
0,1,1,0,1,143906,37
0,0,3,2,2,200099,53
0,1,3,2,2,237692,61
1,0,2,1,1,86232,29
1,1,0,2,1,94983,39
1,0,2,1,1,91775,30
1,0,2,1,1,67591,25
1,0,2,1,1,61220,23
1,1,0,2,1,87542,37
1,0,3,2,2,184227,49
1,0,0,2,1,99199,40
1,1,3,2,1,216540,56
0,1,3,2,2,222068,57
0,1,1,0,0,152100,38
1,0,3,2,2,167778,46
1,0,1,2,1,86613,37
0,1,3,2,2,226763,58
1,0,3,2,2,166705,46
0,1,1,0,1,143771,37
1,0,3,2,2,184008,49
0,0,3,2,2,199628,53
1,1,1,2,1,123975,45
1,0,1,2,1,86614,37
0,1,1,0,1,141511,36
0,1,1,0,1,116569,31
1,0,3,2,2,166600,46
1,0,3,1,2,81006,28
0,1,1,0,1,137629,35
0,0,2,1,1,98881,31
0,0,1,2,1,73136,34
1,0,3,1,1,50387,21
1,1,1,0,1,150436,51
0,1,1,0,0,136852,35
1,0,3,1,1,83837,28
0,1,1,0,1,143330,37
1,0,2,1,1,91083,30
0,0,2,1,1,94839,31
1,0,2,1,2,93883,30
1,0,3,0,1,79952,27
0,1,1,0,1,119035,31
1,1,0,2,1,86348,37
1,1,0,0,1,129989,46
1,1,0,2,1,91648,38
1,0,3,2,2,173452,47
1,0,2,1,1,47859,21
0,1,1,0,0,170726,42
0,1,3,2,2,245828,63
1,0,2,1,1,62669,24
0,1,3,2,2,219312,57
0,0,2,1,1,102239,32
1,1,1,2,1,121473,45
0,0,3,2,2,199409,53
1,0,3,1,1,66171,24
0,1,3,2,2,208272,55
0,0,3,2,2,200133,53
0,1,1,0,1,125154,33
1,1,0,2,1,108414,42
0,1,1,0,1,117774,31
0,1,2,1,1,112783,34
0,1,3,2,2,266520,67
0,1,1,0,1,143080,37
1,0,1,0,0,93399,26
0,1,1,0,1,125251,33
0,1,3,2,1,235500,60
1,0,0,2,1,111938,43
0,1,1,0,1,133208,34
0,1,2,1,2,108985,34
0,1,1,0,1,130260,34
0,1,1,0,0,116102,31
0,0,3,2,2,201820,53
0,1,3,2,2,257342,65
0,1,3,2,2,240255,61
1,0,2,1,1,83142,28
0,1,0,2,1,74855,35
1,1,0,2,1,102217,41
1,1,3,2,2,232489,60
1,0,2,1,2,82882,28
1,1,0,2,1,120933,45
1,0,1,0,1,100181,27
0,0,3,1,1,101645,32
1,1,1,2,1,100330,40
1,1,1,2,1,79322,36
0,1,1,0,1,120479,32
1,0,3,2,2,160251,44
0,1,1,0,0,163247,41
1,0,1,2,1,111606,43
1,0,3,2,2,188951,50
0,1,1,0,1,131053,34
1,0,3,2,2,176024,48
1,0,1,0,1,104188,28
1,0,3,2,2,200571,53
1,1,1,2,1,111225,42
1,0,0,0,1,144025,49
1,1,0,2,1,125237,45
1,0,2,1,1,89768,29
1,1,1,0,1,140064,49
0,1,1,2,1,78316,35
1,0,1,2,1,116344,44
0,0,3,2,2,207724,54
1,0,2,1,2,84521,28
1,0,3,1,1,93797,30
0,1,2,1,1,135149,39
1,1,3,2,2,248049,63
0,1,2,1,2,112046,34
0,0,3,2,2,187832,50
1,0,3,2,1,166770,46
1,0,1,2,1,80603,36
1,0,2,1,1,81461,28
0,0,3,2,2,197843,52
1,0,3,2,2,192950,51
1,1,1,2,1,104553,41
0,0,3,2,2,194837,52
0,1,1,0,0,169974,42
1,1,1,2,1,92834,39
1,0,3,1,1,78025,27
0,1,1,0,0,153571,39
1,0,2,1,1,88321,29
1,1,1,0,1,148077,50
1,0,3,1,1,81435,28
1,0,3,1,1,87276,29
0,1,1,0,1,147270,37
0,1,3,2,2,269590,68
1,0,2,1,1,86992,29
0,0,1,2,1,70131,34
1,0,3,1,1,67754,25
1,0,3,2,2,197958,52
0,1,1,0,1,130205,34
0,1,1,0,1,146649,37
1,0,1,0,1,158828,53
1,1,0,2,1,92287,38
0,1,2,1,1,115399,35
0,1,1,0,0,165969,41
0,1,1,0,1,145299,37
0,1,1,0,1,118434,31
1,1,1,2,1,84005,37
0,1,1,0,1,159265,40
0,1,1,0,1,158515,40
0,1,1,0,1,159280,40
0,1,1,0,0,133025,34
1,1,1,2,1,90229,38
1,1,1,2,1,99455,40
1,0,3,2,2,171060,47
0,0,2,1,1,104365,33
1,0,3,1,1,64677,24
1,0,1,2,1,114389,43
0,1,1,0,1,133184,34
0,1,0,2,1,73648,35
1,0,2,1,1,75538,26
1,1,1,2,1,99546,40
1,0,0,2,1,99392,40
0,1,1,0,1,139643,36
0,1,3,2,2,220190,57
1,0,2,1,1,85906,29
1,0,1,2,1,91016,38
1,1,1,2,1,106051,41
0,1,1,0,1,127670,33
0,0,2,1,1,105253,33
0,1,1,0,1,121573,32
0,0,2,1,1,108378,33
1,1,1,2,1,100337,40
1,0,3,2,1,179980,49
1,0,0,0,1,128110,46
0,0,2,1,2,97328,31
1,1,1,2,1,123933,45
0,1,1,0,0,142246,36
0,1,3,0,2,231944,60
1,1,0,0,1,131566,47
1,1,1,2,1,92033,38
1,0,2,1,1,78629,27
1,0,1,0,0,102138,28
0,0,2,1,1,103668,32
0,1,3,2,2,212196,55
0,0,3,2,2,198500,52
0,0,3,0,2,187027,50
1,0,3,2,2,176598,48
0,1,3,2,2,250268,63
0,1,3,2,2,253043,64
0,1,1,0,1,154654,39
1,0,2,1,2,78760,27
1,0,2,1,1,63841,24
0,1,1,0,1,154382,39
0,1,1,0,1,123774,32
0,0,1,2,1,76840,35
0,1,1,0,1,135176,35
1,1,3,2,1,232111,60
0,1,3,0,2,295346,73
0,1,1,0,1,142897,36
1,0,1,2,1,113756,43
1,0,2,1,1,74699,26
1,0,2,1,1,90848,30
1,0,1,0,1,99003,27
1,0,2,1,2,86520,29
1,0,3,0,2,182776,49
1,0,3,2,2,175090,48
1,0,2,1,1,82634,28
1,0,1,0,1,109917,29
1,0,3,2,2,183635,49
1,1,1,0,1,130219,46
1,1,0,0,1,125736,46
1,0,0,0,1,149825,51
1,0,2,1,1,74226,26
0,1,3,2,2,264862,67
0,0,3,0,2,201427,53
1,0,3,2,2,177302,48
0,0,3,2,2,202859,53
0,1,1,0,0,127979,33
1,0,3,2,2,175472,48
1,1,1,2,1,103093,41
0,0,2,1,1,99221,31
0,1,1,0,1,147237,37
1,1,1,0,1,144161,49
0,1,1,2,1,58666,31
1,1,1,2,1,93367,39
1,1,0,2,1,82116,36
1,0,3,2,1,161645,45
0,1,1,0,1,127151,33
1,1,0,2,1,78659,36
0,1,1,0,1,140894,36
0,1,3,2,2,241701,62
1,1,0,2,1,103039,41
0,0,2,1,1,102132,32
1,1,1,2,1,92211,38
0,1,1,0,1,141331,36
1,0,3,1,1,84900,28
0,0,3,2,2,194833,52
1,0,2,1,1,65876,24
1,0,2,1,1,87535,29
1,0,0,2,1,104318,41
1,1,1,0,1,141782,49
0,1,1,0,1,124540,33
1,0,3,2,1,202122,53
0,1,1,0,1,177295,44
0,1,1,0,1,137676,35
0,0,2,1,1,102886,32
1,0,1,2,1,105510,41
0,1,3,2,2,220816,57
1,0,2,1,1,85970,29
0,1,1,0,1,126715,33
1,0,3,2,2,165069,45
1,0,1,0,1,86565,25
0,1,3,2,2,221395,57
0,0,3,2,1,195215,52
1,1,0,2,1,94681,39
1,0,3,2,2,176146,48
0,1,1,0,0,137298,35
1,0,2,1,1,80681,28
1,0,2,1,2,72400,26
1,0,2,1,1,60639,23
1,1,1,2,1,116935,44
1,0,3,2,2,177463,48
0,1,1,0,1,142822,36
1,0,3,1,1,85732,29
1,1,0,2,1,106694,42
1,0,3,1,1,86626,29
1,0,0,2,1,102918,41
0,1,1,0,1,117476,31
0,1,2,1,1,126342,37
1,0,3,2,2,183254,49
0,1,2,1,1,132825,39
0,1,1,0,1,129007,34
0,1,3,2,2,247924,63
0,1,1,0,1,182592,45
1,0,0,0,1,130374,47
0,0,1,2,1,71131,34
1,0,3,2,1,85660,29
1,1,1,2,1,109503,42
1,0,2,1,1,78165,27
1,0,2,1,1,79893,27
0,1,1,0,0,139160,36
1,0,0,2,1,95959,39
0,1,1,0,1,128006,33
1,0,1,0,1,108936,29
0,0,1,2,1,70866,34
1,1,0,2,1,103490,41
0,1,2,1,2,115614,35
0,1,3,2,2,208076,55
1,0,3,2,2,183351,49
0,0,2,1,1,103080,32
1,0,3,2,2,155962,43
0,1,3,2,2,239232,61
1,0,0,2,1,101149,40
0,0,2,1,1,105945,33
0,1,1,0,1,136939,35
1,0,0,2,1,111355,42
0,0,0,2,1,68107,33
0,1,3,2,2,237616,61
1,0,2,1,1,78360,27
1,1,1,0,1,132111,47
0,1,1,0,1,120115,32
0,1,1,0,1,142583,36
1,1,3,2,2,228363,59
0,1,1,0,1,145637,37
0,1,3,1,1,119184,36
0,1,3,2,2,226972,59
0,1,3,2,2,222567,58
0,1,1,0,1,130478,34
0,1,3,2,2,209446,55
1,0,3,2,2,176534,48
1,0,1,2,1,99465,40
1,0,1,2,1,94432,39
1,1,0,2,1,97813,40
1,0,3,2,2,176713,48
1,0,1,2,1,118465,44
1,1,0,2,1,109704,42
1,0,2,1,1,91491,30
0,1,1,0,1,140278,36
0,0,3,2,1,202772,53
0,1,2,2,1,113510,34
0,1,1,0,1,121625,32
1,0,0,2,1,93810,39
1,0,0,2,1,85309,37
0,1,1,0,0,115661,31
0,0,2,1,2,97069,31
1,1,0,2,1,95116,39
0,1,3,2,2,246126,63
0,0,3,2,2,193856,52
1,1,0,2,1,112968,43
1,0,3,2,2,168001,46
0,0,3,1,1,97445,31
0,0,2,1,2,99504,32
1,0,3,1,1,62962,24
1,0,1,2,1,87972,38
1,0,1,2,1,111681,43
1,0,2,1,2,64595,24
1,0,3,1,1,67989,25
0,1,3,1,1,112217,34
0,1,1,0,1,124394,33
0,0,3,2,2,194252,52
0,1,1,0,1,167402,42
0,1,3,2,2,224686,58
1,1,1,2,1,104018,41
0,0,3,2,2,197574,52
1,0,0,2,1,108003,42
1,1,1,2,1,90916,38
0,1,3,2,2,233217,60
1,1,1,2,1,92245,38
1,0,1,2,1,105370,41
0,1,1,0,1,162955,41
0,0,3,2,2,189711,51
1,0,3,2,2,182506,49
1,0,3,1,1,90439,30
1,0,0,0,1,128871,46
0,0,2,1,2,104364,33
1,0,3,1,1,71198,25
1,1,0,2,1,87930,38
0,1,1,0,1,134922,35
1,0,3,1,1,75351,26
0,1,1,0,0,139701,36
1,0,1,2,1,95278,39
0,0,2,1,1,99353,31
0,1,1,0,0,131074,34
0,0,1,2,1,77435,35
1,1,0,0,1,131877,47
0,1,2,1,1,115013,35
1,1,1,2,1,112903,43
0,0,3,2,2,189123,51
0,1,1,0,1,132638,34
1,0,1,0,1,105174,28
1,0,2,1,1,90853,30
1,1,0,2,1,121444,45
1,0,1,2,1,101667,40
0,1,1,0,1,140205,36
1,1,0,2,1,113464,43
0,0,2,1,1,102079,32
1,0,3,2,2,160887,45
1,1,3,2,2,236354,61
1,0,3,1,1,81810,28
0,1,1,0,0,111629,30
1,1,0,2,1,122682,45
1,0,2,1,1,82712,28
1,0,2,1,1,73664,26
0,1,1,0,1,128980,34
1,0,0,2,1,94370,39
1,1,1,2,1,117220,44
0,1,1,0,0,119721,32
1,0,3,1,1,46666,20
1,1,0,0,1,131745,47
1,1,0,2,1,113972,43
1,0,2,1,1,79673,27
0,1,1,0,1,128613,33
0,1,1,0,1,138461,36
0,1,1,0,0,124311,33
0,1,3,2,2,233074,60
0,1,1,0,1,140359,36
1,0,3,2,2,180829,49
0,1,1,0,0,155109,39
0,1,1,0,1,150411,38
0,0,2,1,2,100854,32
1,0,2,1,2,91183,30
1,1,0,2,1,107286,42
1,1,0,2,1,98311,40
0,1,3,2,2,261472,66
0,0,3,2,2,203031,53
0,1,3,2,2,234809,60
0,1,3,1,1,116619,35
0,1,3,2,1,221834,57
0,1,3,2,1,211448,55
1,1,0,2,1,89383,38
1,0,0,2,1,112575,43
0,1,1,0,1,114141,30
0,0,3,2,2,185298,50
1,0,3,2,2,172017,47
1,0,0,2,1,106939,42
1,0,3,2,1,199985,53
0,0,3,2,1,100083,32
0,1,1,0,1,130020,34
0,1,3,2,2,253419,64
1,0,3,2,2,156183,44
1,0,3,0,2,176543,48
1,0,3,2,2,177817,48
0,1,1,0,1,123849,32
0,0,3,1,1,107842,33
0,1,1,0,1,128088,46
0,1,1,0,1,143699,37
1,0,0,0,1,125721,46
0,1,1,0,0,131181,34
0,1,3,2,2,226728,58
0,1,1,0,1,159677,40
1,0,1,2,1,97884,40
1,1,0,2,1,114631,43
0,1,1,0,1,120377,32
0,0,3,2,2,202690,53
1,0,3,1,1,84528,28
1,0,0,0,1,146142,50
0,1,3,2,2,275756,69
1,0,3,2,2,181371,49
1,0,3,2,2,161832,45
0,1,1,0,1,122331,32
1,1,1,2,0,111306,42
1,0,2,1,1,68886,25
1,0,2,1,1,82559,28
1,1,0,2,1,117121,44
1,1,0,0,1,162538,53
0,1,1,0,0,168332,42
1,0,2,2,2,93270,30
0,0,2,1,1,104895,33
1,0,1,2,1,113494,43
1,1,1,1,1,138257,48
0,1,2,1,1,123785,37
1,0,2,1,2,63061,24
1,0,2,1,1,93715,30
0,1,1,2,0,115058,43
0,0,2,1,1,94861,31
0,1,1,0,0,114220,30
1,1,0,0,1,141679,49
0,0,3,2,2,199016,53
1,1,1,0,1,148493,50
0,1,3,2,2,221917,57
0,1,1,0,1,122459,32
1,0,3,2,2,179923,49
1,0,2,1,1,82953,28
1,0,3,0,2,182227,49
1,0,3,0,2,181731,49
0,0,1,2,1,77520,35
1,0,2,1,2,81522,28
1,1,1,0,1,137656,48
0,1,1,0,1,174535,43
1,0,3,1,1,73989,26
0,1,3,2,2,233191,60
0,1,1,0,1,131552,34
0,1,3,2,2,234889,60
1,0,3,2,2,179508,48
1,1,1,0,1,126377,46
1,0,1,0,1,86451,24
0,1,1,0,0,159193,40
1,0,2,1,1,86846,29
1,0,1,2,1,78776,36
0,0,3,2,2,205342,54
1,0,1,0,1,89532,25
1,1,0,0,1,131119,47
0,1,1,0,0,130603,34
1,0,1,2,1,119229,44
0,1,1,0,1,168147,42
0,1,3,2,2,262158,66
0,1,0,2,1,58571,31
1,0,3,0,2,183482,49
0,1,3,2,1,222274,58
1,0,2,1,1,76643,27
1,1,1,2,0,112834,43
0,1,1,0,1,133081,34
0,1,1,0,1,120321,32
0,1,1,0,1,113841,30
0,1,1,0,1,124067,32
1,0,2,1,1,74688,26
0,1,1,0,1,189230,46
0,1,3,2,1,219690,57
0,0,2,1,1,95829,31
0,1,1,0,1,151062,38
0,1,3,2,2,242998,62
1,1,1,2,1,116307,44
0,1,3,1,1,124600,37
0,0,3,0,2,199787,53
1,0,2,1,1,83494,28
0,1,1,0,1,134313,35
1,0,1,0,1,145980,50
1,1,1,2,1,93985,39
1,0,3,1,1,65652,24
0,0,3,2,2,191906,51
0,0,3,2,2,192713,51
0,1,1,0,1,155697,39
1,0,1,2,1,99989,40
1,0,3,2,2,175440,48
0,1,1,0,1,121774,32
0,1,3,2,2,210108,55
0,1,3,2,2,221235,57
1,0,1,2,1,99964,40
1,1,1,2,1,104792,41
0,0,3,2,2,193963,52
1,0,0,2,1,87672,37
0,1,1,0,1,148136,38
0,1,3,2,2,244123,62
0,1,1,0,1,180195,44
1,0,3,0,2,173815,47
0,0,2,1,1,104012,32
0,1,3,2,2,249256,63
1,0,1,0,1,93990,26
1,0,0,2,1,80835,36
1,0,1,2,1,90045,38
1,0,1,2,1,118648,44
1,0,3,2,2,180378,49
0,1,3,2,2,219722,57
1,1,1,2,1,116064,43
1,0,3,2,2,163988,45
1,0,0,2,1,117452,44
1,0,0,2,1,107438,42
1,0,2,2,1,89890,29
1,0,2,1,1,87387,29
0,0,3,1,2,107301,33
0,0,0,2,1,75765,35
1,1,1,0,1,126634,46
0,1,1,0,1,127713,33
1,0,3,1,1,81743,28
0,1,1,0,1,136778,35
0,1,3,0,2,226823,58
0,0,2,1,1,102703,32
1,1,0,2,1,101305,40
0,1,0,2,1,73633,34
0,1,1,0,1,140120,36
0,1,1,0,1,150396,38
1,0,1,0,1,108491,29
1,0,0,2,1,124304,45
0,1,3,2,2,236545,61
1,0,1,2,1,103176,41
0,1,3,2,2,281111,70
1,1,3,0,2,208898,55
0,1,1,0,1,154330,39
1,1,0,2,1,110026,42
0,1,1,0,1,156242,39
0,0,3,1,1,108782,33
0,0,3,2,2,185550,50
1,0,0,2,1,108167,42
0,1,3,2,2,234937,60
1,1,1,2,1,117829,44
1,0,3,2,2,179165,48
1,0,3,2,2,194546,52
1,0,2,1,1,84247,28
1,0,0,2,0,122867,45
1,0,2,1,1,69444,25
1,1,1,2,1,101787,40
0,1,1,0,1,144513,37
0,1,1,0,0,124738,33
1,0,2,1,1,87953,29
0,1,1,0,1,142175,36
1,1,0,2,1,109900,42
0,1,3,0,2,218668,57
1,0,3,2,2,183250,49
0,1,1,0,1,112538,30
1,0,3,2,2,168186,46
1,1,0,2,1,113359,43
0,1,3,2,2,236429,61
1,0,3,2,2,185892,50
0,1,1,0,1,145503,37
0,1,3,2,2,235540,60
1,0,2,1,1,88688,29
0,0,3,2,2,196318,52
1,0,3,1,1,76303,27
1,0,3,2,2,180426,49
0,0,3,2,2,204673,54
1,0,3,2,2,182160,49
1,1,1,2,1,98122,40
1,0,2,1,2,75776,26
1,0,1,2,1,92270,38
0,1,3,2,2,214216,56
1,0,2,1,2,81611,28
1,0,3,2,2,177286,48
0,0,3,2,2,186237,50
1,0,3,2,2,198140,52
0,1,1,0,1,134274,35
1,0,1,0,1,96805,27
0,1,3,2,2,225143,58
0,1,1,0,1,141432,36
1,0,1,0,0,106399,29
0,1,1,0,1,152093,38
1,0,3,2,2,207937,54
0,1,3,2,2,210481,55
0,1,1,0,0,150522,38
1,0,1,0,1,148609,50
1,1,1,2,1,102012,41
1,0,2,1,2,73955,26
0,1,3,2,2,236781,61
1,0,1,0,1,103286,28
1,0,3,2,2,178676,48
1,0,2,1,1,72876,26
1,0,1,0,1,108117,29
1,0,3,1,1,94467,30
1,0,3,1,1,92508,30
1,0,3,2,2,171175,47
1,1,1,0,1,152501,51
0,0,2,1,1,104282,33
0,0,2,1,1,97816,31
1,0,2,2,1,93393,30
0,1,3,2,2,219869,57
0,0,3,2,2,193552,51
0,1,1,0,0,179279,44
0,1,2,1,1,116013,35
1,0,3,2,2,173829,47
0,0,2,1,1,108609,33
0,0,3,2,2,204287,54
0,0,0,2,1,72707,34
1,1,0,2,1,104880,41
0,1,2,1,1,109872,34
1,0,3,2,2,175681,48
0,1,1,0,1,168789,42
0,1,1,0,1,138619,36
0,1,1,0,1,129452,34
1,0,2,1,1,81597,28
0,0,3,1,1,97194,31
1,0,3,1,1,63041,24
1,0,0,2,1,122122,45
0,0,3,2,2,195031,52
1,0,0,2,1,91657,38
0,1,3,2,2,219735,57
1,0,3,2,2,177806,48
1,0,1,2,1,107404,42
0,1,1,0,1,125984,33
0,1,1,0,0,132563,34
1,0,1,2,1,95811,39
0,1,1,0,1,128201,33
1,0,2,1,1,92937,30
0,1,3,2,2,235812,60
0,1,1,0,1,112426,30
1,0,2,1,1,83047,28
0,1,2,1,1,113682,35
0,1,3,2,2,253563,64
1,0,1,0,1,85988,24
1,1,1,2,1,103605,41
0,1,3,2,2,216033,56
1,0,2,1,1,82630,28
1,1,0,2,1,112740,43
1,0,0,2,1,102835,41
1,0,2,1,1,93460,30
1,0,1,0,1,127694,46
0,1,2,1,1,132687,39
0,1,3,2,2,222030,57
0,1,1,0,1,130926,34
0,0,3,2,1,189534,51
0,1,1,0,1,110161,30
0,1,3,2,2,212983,56
0,1,3,0,2,210567,55
0,0,3,2,2,206824,54
0,1,1,0,1,174446,43
0,1,1,0,1,133495,34
1,0,2,1,1,61461,23
1,1,1,2,1,95869,39
1,0,2,1,1,66079,24
0,1,3,2,2,229815,59
0,1,1,0,1,144877,37
0,1,1,0,1,150553,38
0,1,1,0,1,127094,33
1,0,3,1,1,76797,27
1,0,1,0,1,126438,46
1,0,1,2,1,89661,38
0,0,3,2,2,195604,52
0,1,1,0,0,137423,35
0,0,0,2,1,70104,34
1,0,2,2,1,80635,27
0,0,3,2,1,202155,53
0,1,1,0,1,141073,36
1,1,0,2,1,105573,41
0,1,2,1,2,114044,35
0,1,1,0,1,167115,42
1,1,1,2,1,109529,42
0,1,1,0,1,172364,43
1,0,2,1,1,73416,26
0,1,1,0,1,146329,37
1,0,2,1,1,73767,26
1,0,2,1,1,67180,25
0,1,1,0,1,127082,33
1,1,1,2,1,109684,42
1,0,0,2,1,110703,42
1,0,3,1,1,93793,30
0,1,2,1,1,116057,35
1,0,2,1,2,87217,29
1,0,2,1,1,57409,23
0,1,1,0,1,170375,42
0,1,3,2,2,212884,56
0,1,1,0,1,152022,38
1,0,2,1,1,49016,21
0,1,3,2,2,214005,56
1,0,0,0,1,130871,47
1,0,2,1,1,91708,30
1,0,2,1,1,71732,26
0,1,1,0,1,135731,35
0,1,1,0,1,139135,36
0,0,3,0,2,201066,53
0,1,1,0,1,156590,39
0,0,3,2,1,187979,50
0,1,3,2,2,218689,57
1,1,0,2,1,80477,36
0,1,1,0,1,139160,36
0,0,2,1,1,105879,33
0,1,3,2,2,219114,57
0,1,1,0,1,118519,31
0,0,3,1,1,104673,33
0,0,2,1,1,102508,32
0,1,3,2,2,228288,59
0,0,3,0,1,207532,54
1,0,1,2,1,100881,40
1,0,3,2,2,174740,47
0,1,1,0,1,173538,43
0,1,1,0,1,127044,33
1,0,3,1,1,86758,29
1,0,1,2,1,116958,44
0,0,2,1,1,103246,32
0,1,1,0,1,130902,34
1,0,0,2,1,99465,40
0,1,1,0,1,138926,36
0,1,3,2,2,213126,56
0,1,3,2,2,121812,36
0,1,1,0,0,114028,30
0,1,1,0,1,124699,33
0,1,1,2,1,70618,34
1,1,1,2,1,107030,42
0,1,1,2,1,76139,35
1,0,1,2,1,96016,39
1,0,3,2,1,82041,28
1,0,1,0,1,85673,24
0,1,2,1,1,110926,34
0,1,1,0,0,131744,34
0,1,1,0,1,135442,35
0,1,3,1,1,111564,34
1,0,3,0,1,77601,27
0,1,3,2,2,211759,55
1,0,0,0,1,135936,48
1,0,2,1,1,92174,30
1,1,0,0,1,130426,47
1,0,3,2,2,175204,48
1,0,2,1,2,58164,23
1,0,2,2,1,76597,27
1,1,0,0,1,137277,48
0,1,1,0,1,147271,37
0,1,1,0,1,123262,32
1,1,1,2,1,123731,45
1,0,1,2,1,80908,36
1,1,1,2,1,101200,40
0,1,1,0,1,118455,31
1,0,0,0,1,125840,46
0,1,3,2,2,241944,62
0,0,2,1,2,96799,31
1,1,1,2,1,103550,41
1,0,2,1,2,83991,28
1,0,2,2,1,69752,25
1,0,1,0,1,151374,51
1,0,2,1,2,84315,28
0,1,1,0,1,117168,31
0,1,3,2,2,221601,57
1,1,1,0,1,139385,48
0,1,1,0,0,166727,42
1,0,2,1,1,68717,25
1,1,1,0,1,137640,48
0,1,1,0,1,121192,32
1,1,1,2,1,82680,36
1,1,0,2,1,117571,44
0,0,3,2,2,188889,50
0,1,3,2,2,226777,58
0,0,3,2,2,205634,54
0,1,1,0,1,149788,38
1,0,1,0,1,103669,28
1,0,2,1,1,94710,30
1,1,1,0,1,142471,49
0,1,3,0,2,215495,56
0,1,1,0,1,116333,31
0,0,3,2,2,204397,54
1,1,0,2,1,89878,38
0,1,1,0,1,152104,38
0,1,1,0,1,144860,37
1,0,3,2,2,167818,46
1,0,2,1,1,60937,23
1,0,0,2,1,93130,39
1,0,2,1,1,89265,29
0,1,3,2,2,233018,60
1,1,1,2,1,119371,44
0,0,3,2,2,187842,50
1,1,1,0,1,128749,46
0,0,3,2,2,193248,51
1,0,2,1,2,86564,29
1,1,1,2,1,113117,43
1,0,3,2,2,73637,26
1,0,2,1,1,91335,30
0,1,3,2,2,248932,63
0,0,3,2,2,206112,54
1,1,1,0,1,143155,49
0,1,3,2,2,244736,62
0,1,1,0,1,129131,34
1,1,1,2,1,100278,40
1,0,2,1,1,93037,30
1,0,2,1,1,72681,26
0,1,1,0,1,125868,33
0,1,2,1,2,113001,34
1,1,1,0,1,140533,49
0,1,1,0,1,132803,34
1,0,0,0,1,130470,47
1,1,1,0,0,128540,46
0,0,3,0,2,196829,52
1,1,1,2,1,92155,38
0,1,3,1,2,112533,34
1,1,3,2,2,239811,61
1,1,1,2,1,99950,40
0,1,1,0,1,132307,34
1,1,0,2,1,121526,45
0,1,3,2,2,223216,58
1,0,3,2,1,163941,45
1,0,2,1,1,74632,26
0,1,2,1,1,117049,35
1,0,2,1,1,91366,30
1,0,2,1,1,67926,25
0,0,3,2,2,196660,52
1,0,3,2,1,180793,49
1,0,2,1,1,73294,26
0,1,1,0,1,176451,44
0,1,1,0,1,141041,36
0,1,3,2,1,238709,61
1,1,1,2,1,105168,41
1,1,0,2,1,98743,40
1,0,0,2,1,101929,40
1,1,1,0,1,126099,46
1,0,3,2,2,176957,48
1,0,2,1,1,67084,25
0,0,2,1,1,95939,31
0,1,0,2,1,75278,35
0,1,1,2,1,76053,35
0,1,3,1,1,114779,35
0,0,2,1,1,105193,33
0,0,2,1,1,100040,32
0,0,1,2,1,61901,32
1,0,2,1,1,88724,29
1,0,3,2,2,183534,49
1,0,1,0,0,107754,29
0,0,3,2,2,202077,53
0,0,3,2,2,204925,54
1,0,2,1,1,70341,25
0,0,3,1,1,103210,32
0,1,2,1,1,114577,35
0,0,3,2,2,192303,51
1,1,0,2,1,111134,42
1,1,1,2,1,80613,36
0,1,1,0,1,140496,36
0,1,1,0,1,123983,32
1,0,3,2,2,206791,54
0,1,1,0,1,126420,33
0,1,1,0,0,135519,35
0,1,1,0,1,150204,38
0,1,1,0,0,159554,40
1,0,1,0,1,146481,50
0,0,2,1,2,96758,31
0,1,1,0,1,131978,34
0,0,3,2,2,200578,53
1,0,1,2,1,105400,41
0,1,1,0,1,129866,34
1,0,2,1,1,74445,26
0,1,3,2,2,243472,62
1,0,2,1,1,80246,27
0,1,3,2,2,214192,56
1,1,3,2,1,213128,56
0,1,2,1,1,127438,37
1,0,2,1,1,60822,23
0,1,1,0,1,160894,40
1,0,2,1,1,93536,30
0,1,1,0,1,127405,33
1,1,1,0,1,144483,50
0,0,3,2,2,185410,50
1,0,3,1,1,66474,24
0,1,3,2,2,233943,60
0,0,3,0,2,202841,53
1,0,2,1,1,43936,20
0,1,1,0,1,117178,31
0,0,3,2,2,196125,52
0,1,1,0,0,165481,41
0,0,3,1,1,103820,32
1,0,3,1,1,90102,30
1,0,1,0,1,87831,25
0,0,3,2,2,194033,52
0,1,2,1,1,111637,34
0,1,1,0,1,130552,34
0,1,3,0,2,213943,56
1,0,2,1,2,82264,28
1,0,2,1,1,75674,26
0,1,3,2,2,226657,58
0,1,1,0,1,111037,30
0,1,2,1,2,145542,41
0,1,1,0,1,141614,36
0,1,1,0,1,127586,33
1,0,3,2,2,167338,46
0,1,2,1,1,117868,35
1,1,3,2,2,215199,56
0,1,3,2,1,209166,55
0,1,3,1,2,119722,36
0,0,3,2,1,198453,52
1,0,3,2,2,178334,48
0,0,2,1,1,103347,32
0,1,1,0,1,128256,33
1,1,1,2,1,119159,44
1,0,2,2,1,86856,29
1,0,2,1,1,79660,27
1,0,3,1,1,69521,25
0,1,1,2,1,73796,35
1,0,3,1,1,93127,30
1,0,2,1,1,72618,26
0,1,1,0,1,136345,35
0,0,2,1,1,96086,31
1,0,0,0,1,147042,50
1,0,0,2,1,84199,37
1,0,2,1,1,88811,29
0,1,3,2,2,210042,55
1,0,3,2,2,183971,49
1,0,3,1,1,90797,30
1,1,1,0,1,130250,47
1,0,3,2,2,174598,47
1,1,1,0,1,146153,50
0,1,0,2,1,75304,35
1,1,0,2,1,105442,41
1,1,3,2,2,217757,57
0,0,3,2,2,199344,53
0,0,3,2,2,197831,52
1,0,3,0,2,201607,53
1,0,0,2,1,84694,37
0,1,1,0,1,169712,42
0,1,2,1,1,126922,37
0,1,1,0,1,146212,37
1,0,2,1,1,72618,26
1,1,1,2,1,123743,45
1,0,2,1,2,86356,29
0,0,3,0,2,184724,50
0,1,1,0,1,152441,38
0,1,2,1,1,109089,34
0,1,1,0,1,139514,36
1,0,0,0,1,156375,52
0,0,0,2,1,74739,35
0,1,3,0,2,244181,62
1,1,1,2,1,106632,41
1,1,0,0,1,128095,46
0,1,3,2,2,232224,60
0,1,1,0,1,162387,41
0,1,1,0,1,136459,35
1,1,0,2,1,117375,44
1,0,2,1,1,85309,28
0,0,3,2,2,202548,53
0,1,3,2,2,236572,61
0,0,3,1,1,98784,31
0,1,1,0,0,157582,40
1,0,2,1,1,69106,25
1,0,3,2,2,77851,27
1,0,2,1,1,71307,26
1,1,0,2,1,100085,40
0,1,1,0,1,160108,40
1,0,2,1,1,75462,26
0,1,1,0,1,135801,35
1,0,2,1,1,77270,27
1,0,1,0,1,137620,48
1,1,1,2,1,90963,38
1,0,1,0,1,126070,46
0,1,3,2,2,209011,55
0,0,3,2,2,196176,52
0,1,3,2,1,220975,57
1,0,3,1,1,92222,30
0,1,1,0,1,118566,31
0,1,1,0,0,126672,33
0,1,1,0,0,125945,33
0,0,3,1,2,98645,31
1,0,2,1,2,91426,30
1,1,1,2,1,88947,38
0,1,1,0,1,144616,37
1,0,2,1,1,90093,30
1,0,3,1,1,92516,30
1,1,1,2,1,99595,40
1,0,2,1,1,68685,25
1,0,2,1,1,94757,30
1,0,1,2,1,111267,42
0,1,1,0,1,127451,33
0,1,1,0,1,136913,35
0,1,1,0,1,129152,34
1,0,0,2,1,93516,39
1,1,0,0,1,129931,46
0,1,1,0,1,133667,35
1,0,2,2,2,89515,29
1,1,3,2,1,209923,55
1,0,2,1,1,49004,21
0,1,1,0,1,121235,32
1,0,2,1,1,66159,24
0,0,3,2,2,187147,50
0,1,1,0,1,145291,37
0,0,3,2,1,200187,53
0,1,1,0,1,161304,40
1,0,1,0,1,162095,53
1,1,1,2,1,78507,36
0,1,1,0,1,150782,38
0,1,3,2,2,219134,57
0,1,1,0,0,125347,33
1,0,3,2,2,182559,49
1,1,1,2,1,121570,45
0,1,1,0,1,110621,30
1,0,1,2,1,89775,38
0,1,1,0,0,179240,44
0,1,1,0,1,128177,33
1,0,3,2,2,179714,49
0,0,3,1,1,103262,32
1,0,1,2,1,119975,44
0,0,2,1,2,107369,33
1,0,3,2,2,171898,47
0,1,3,2,2,255546,65
1,0,0,2,1,120970,45
0,1,1,0,1,125255,33
0,1,1,0,1,147973,38
0,1,1,0,1,120653,32
0,1,1,0,1,131608,34
0,0,3,1,1,103250,32
0,0,2,1,1,96320,31
1,1,1,2,1,114405,43
1,0,1,2,1,110155,42
0,0,3,2,2,185869,50
0,1,1,0,1,136358,35
0,1,1,2,1,50916,30
1,1,1,2,0,121182,45
0,1,1,0,1,122330,32
0,1,1,0,1,143873,37
0,1,1,0,1,178119,44
0,1,1,0,1,125398,33
0,0,3,2,1,185363,50
0,0,3,0,2,200136,53
0,1,1,0,1,160711,40
0,1,1,0,1,110750,30
1,0,3,1,1,66124,24
0,1,1,0,1,155478,39
0,0,2,1,1,103639,32
0,1,3,2,2,216566,56
1,0,3,2,1,178744,48
0,1,1,0,1,135079,35
0,1,1,0,1,149399,38
1,1,1,2,1,104862,41
0,1,1,0,1,136262,35
1,0,3,2,2,160921,45
0,1,1,0,1,146984,37
1,0,1,0,1,97665,27
0,0,2,1,1,95889,31
0,0,2,1,1,97400,31
0,1,1,0,1,128186,33
0,1,1,0,1,169332,42
1,0,3,1,1,79171,27
0,1,1,0,0,131560,34
0,0,3,1,1,106510,33
0,1,2,2,1,113218,34
1,0,1,2,1,121854,45
0,1,1,0,0,115708,31
1,1,0,2,1,116570,44
0,1,1,0,1,113408,30
1,0,1,2,1,117385,44
1,0,3,2,2,159665,44
0,1,1,0,1,110846,30
0,1,3,2,2,221113,57
1,0,2,1,1,70940,25
0,1,3,2,2,219056,57
1,1,1,0,1,135967,48
0,1,1,0,1,138358,35
1,1,0,0,1,146263,50
1,1,1,2,1,119441,44
1,0,3,2,2,184187,49
0,1,3,2,2,256208,65
0,0,2,1,1,104188,32
1,0,1,2,1,99478,40
1,0,2,1,1,87785,29
0,0,3,2,2,194886,52
1,1,1,2,1,101351,40
0,1,3,2,2,228799,59
1,1,0,0,1,129366,46
1,0,2,1,1,91440,30
0,1,3,2,1,215660,56
0,0,2,1,1,104079,32
0,0,3,2,2,185467,50
1,1,1,2,1,118005,44
1,1,3,2,2,237434,61
0,1,3,0,2,213425,56
1,0,0,0,1,153111,51
1,1,0,2,1,112802,43
0,1,2,1,1,113990,35
0,0,3,2,2,188146,50
1,0,1,0,1,109052,29
0,1,1,0,1,133109,34
0,1,1,0,1,137823,35
0,1,3,2,2,208800,55
0,0,3,2,2,188631,50
0,1,1,0,1,131708,34
1,0,0,0,1,130437,47
0,0,3,2,2,194703,52
0,1,3,2,2,224492,58
1,0,1,2,1,117991,44
0,0,3,2,2,202660,53
1,0,1,0,1,102967,28
1,1,0,2,1,121125,45
0,0,1,2,1,77870,35
1,1,1,0,1,141195,49
1,1,0,0,1,153331,51
0,1,1,0,0,150996,38
0,1,1,0,1,129834,34
1,0,3,2,2,181375,49
0,1,1,0,1,137979,35
1,0,1,2,1,112073,43
1,0,2,1,1,87775,29
0,1,2,0,1,172238,43
1,1,0,2,1,85130,37
1,1,1,0,0,127405,46
1,0,2,1,2,89541,29
1,0,2,1,1,94752,30
0,0,3,1,1,105193,33
1,0,2,1,1,71303,26
0,1,3,2,1,242521,62
0,0,3,2,2,198320,52
1,0,2,1,2,73967,26
0,1,1,0,1,159664,40
1,1,0,2,1,79590,36
1,1,1,0,1,153307,51
0,0,3,1,1,100896,32
1,0,0,2,1,124592,45
1,1,1,2,1,105798,41
1,0,3,2,2,191852,51
1,0,3,1,1,79592,27
1,0,2,1,2,72105,26
1,0,2,1,1,91186,30
1,1,1,2,1,96563,39
0,1,1,2,0,100082,40
0,1,2,1,2,131392,38
1,0,1,2,1,96943,39
0,1,1,2,1,77175,35
1,0,3,2,2,196681,52
0,1,1,0,1,130387,34
0,1,2,2,1,114946,35
1,0,3,1,1,88202,29
1,0,3,1,1,76645,27
1,1,1,2,1,102319,41
0,1,2,1,1,118150,35
1,0,1,2,1,87729,37
0,0,3,2,2,193860,52
0,0,2,1,1,108347,33
1,0,0,0,1,150177,51
1,1,0,2,1,110057,42
1,0,3,1,1,79073,27
0,1,3,2,2,263844,66
1,0,0,2,1,78453,36
1,1,1,2,1,111824,43
1,1,1,0,1,126666,46
0,0,0,2,1,72953,34
1,1,1,2,1,84853,37
0,1,3,2,2,214673,56
1,0,0,2,1,92754,39
0,1,3,0,2,219691,57
1,0,3,1,2,72334,26
0,1,1,0,1,129490,34
1,0,1,0,1,105255,28
0,1,1,0,1,148147,38
0,1,3,2,2,209087,55
0,1,3,2,2,240390,61
0,1,1,0,1,140685,36
0,1,1,0,0,136568,35
0,1,3,2,2,218452,57
1,0,1,0,1,106827,29
0,1,3,2,2,211488,55
1,0,1,0,1,100351,27
1,0,1,0,1,143533,49
1,0,0,0,1,132810,47
0,1,3,2,2,218517,57
0,1,1,0,0,153489,39
0,0,2,1,2,103691,32
1,0,3,1,2,69154,25
0,1,1,0,0,161604,40
1,1,0,2,1,95128,39
1,0,2,1,1,86509,29
0,1,1,0,1,125769,33
0,1,1,0,1,111497,30
0,1,1,0,1,112244,30
1,0,3,2,2,174024,47
1,0,3,0,2,198075,52
1,1,0,2,1,108743,42
0,0,0,2,1,73946,35
1,0,1,0,1,107604,29
1,0,0,2,1,111778,43
1,1,1,0,1,132169,47
0,1,2,1,1,109645,34
1,1,1,2,1,94282,39
0,1,1,0,1,150386,38
1,0,3,2,2,187597,50
1,0,3,2,2,194011,52
1,0,2,1,1,72751,26
1,1,0,2,1,116700,44
0,1,3,1,1,135646,39
0,1,1,0,0,144536,37
0,1,3,2,2,209252,55
0,0,3,2,2,199486,53
0,1,1,0,1,116099,31
0,1,1,0,1,116454,31
0,1,1,0,1,121108,32
1,1,0,2,1,100406,40
1,0,3,2,2,183353,49
0,0,3,0,1,187288,50
0,1,1,0,1,124439,33
1,0,1,0,1,132365,47
1,0,3,1,1,69163,25
0,1,1,0,0,133285,34
0,1,3,2,2,272247,68
1,0,3,1,1,76569,27
1,0,1,2,0,121756,45
0,0,3,2,2,194580,52
1,0,2,1,1,79817,27
0,1,3,1,1,124068,37
0,1,1,0,1,135932,35
0,1,3,2,2,248280,63
1,0,3,2,2,175314,48
1,0,2,1,1,84476,28
1,0,2,1,1,70260,25
1,0,1,0,1,105299,28
0,1,1,0,0,130151,34
0,1,1,0,1,118355,31
1,0,1,0,1,109015,29
0,1,1,0,1,133436,34
1,0,0,2,1,105723,41
0,1,1,0,0,140111,36
0,0,2,2,1,101963,32
0,1,3,1,1,124897,37
0,1,0,2,1,66123,33
0,1,3,1,1,128433,38
1,0,3,2,2,201243,53
0,1,3,1,1,117958,35
0,1,2,1,1,117273,35
0,1,1,0,1,129159,34
1,0,2,2,1,57136,23
1,1,0,2,1,96977,39
1,0,0,2,1,104338,41
0,1,1,0,1,127228,33
0,1,1,0,1,142709,36
1,0,2,1,1,93223,30
1,0,3,1,2,79214,27
1,0,1,2,1,101429,40
0,1,3,1,1,111124,34
1,1,1,2,1,112706,43
1,1,1,2,1,123888,45
1,0,3,1,1,52070,21
0,0,2,1,1,97769,31
1,0,0,0,1,147074,50
0,1,1,0,1,137739,35
1,1,1,2,1,104545,41
1,0,3,2,2,169919,46
1,1,1,2,1,90055,38
1,0,0,2,1,93348,39
0,1,1,0,1,112420,30
1,0,2,1,1,76752,27
0,0,2,1,1,100243,32
1,0,1,2,1,122996,45
1,0,1,2,1,107206,42
1,1,0,2,1,123267,45
0,1,1,0,1,114300,30
0,0,3,2,2,206049,54
0,1,1,0,0,169547,42
1,0,1,0,0,95398,26
1,0,1,2,1,100069,40
1,0,3,2,2,191824,51
1,0,2,1,2,65956,24
0,1,1,0,1,151289,38
1,0,2,1,1,75980,27
0,1,1,0,1,118100,31
0,1,3,2,2,220231,57
1,0,1,2,1,82387,36
0,1,3,2,2,241114,62
1,1,0,2,1,116222,44
1,0,3,1,1,84077,28
0,1,1,0,1,140185,36
1,0,3,1,1,74949,26
1,1,0,2,1,100149,40
1,1,1,2,1,113718,43
0,1,3,2,1,215878,56
1,0,3,1,1,40096,19
1,0,1,2,0,116455,44
1,1,0,2,1,119744,44
0,1,3,2,2,219325,57
0,1,3,2,2,228903,59
0,1,1,0,0,125635,33
0,0,3,1,1,101828,32
0,1,1,0,0,119165,31
0,1,3,0,1,219740,57
1,1,1,0,1,138817,48
1,1,1,2,1,98076,40
1,0,0,2,1,85174,37
0,1,1,0,1,180484,44
0,1,1,0,1,110302,30
1,1,1,2,1,119037,44
0,0,2,1,1,100251,32
1,0,1,0,1,130323,47
0,1,1,0,0,115606,31
1,0,0,2,1,105606,41
0,0,2,1,1,98473,31
1,0,0,2,1,80126,36
1,1,0,2,1,102198,41
1,0,3,1,1,83904,28
1,0,3,2,2,157951,44
1,0,1,0,1,104377,28
0,1,3,2,2,209013,55
0,1,1,0,1,119302,31
1,0,3,0,2,177041,48
1,0,3,1,1,72672,26
1,1,1,2,1,82740,36
0,1,1,0,1,127967,33
1,0,1,2,1,120834,45
0,1,3,2,2,219537,57
1,0,1,0,1,140072,49
0,1,1,0,1,133654,35
1,1,1,2,0,100801,40
1,0,2,1,1,93926,30
1,0,1,0,1,109043,29
1,0,3,1,1,94683,30
1,0,1,0,1,101395,28
0,1,1,0,1,131894,34
1,1,0,2,1,83898,37
1,0,1,2,1,78856,36
0,1,1,0,1,117255,31
0,1,3,2,2,225641,58
0,1,1,0,1,120582,32
0,1,2,1,1,123798,37
0,1,1,0,0,158298,40
0,0,0,2,1,71950,34
1,0,1,0,1,83848,24
1,1,1,2,1,107518,42
1,0,2,1,1,92746,30
1,0,0,0,1,132735,47
0,1,1,0,0,151516,38
1,0,1,2,1,99608,40
0,1,1,0,1,151296,38
1,0,3,1,1,51608,21
1,0,2,1,1,93264,30
0,1,1,0,1,115047,31
0,1,1,0,1,136941,35
0,1,3,2,2,247834,63
1,1,0,2,1,89657,38
0,0,3,0,1,187116,50
0,1,1,0,1,150725,38
0,1,1,0,0,154904,39
0,0,3,1,1,95174,31
1,0,1,2,1,96352,39
1,1,1,2,1,109380,42
0,1,1,0,1,125433,33
0,1,1,0,1,125730,33
0,1,3,2,2,230538,59
0,0,2,1,1,100346,32
0,0,3,1,1,108155,33
0,1,3,1,1,120992,36
1,0,1,0,1,106718,29
0,1,2,1,1,114393,35
0,1,3,2,2,210862,55
1,0,3,1,2,94752,30
0,1,3,2,1,236741,61
1,0,2,1,1,72709,26
0,1,3,2,1,251155,64
1,0,2,1,1,87380,29
0,1,3,2,2,219466,57
1,0,0,2,1,125270,45
0,1,1,0,1,167992,42
0,1,2,2,2,110220,34
1,0,1,0,1,108245,29
0,1,3,2,2,220862,57
1,0,3,2,2,201837,53
1,1,0,2,1,82621,36
0,0,2,1,1,98407,31
1,0,3,2,2,177242,48
0,0,2,1,1,105597,33
1,0,3,2,2,166453,46
1,0,2,1,1,71235,26
0,1,1,0,1,122027,32
0,1,3,2,1,216182,56
1,0,3,1,1,74884,26
0,0,2,1,1,101115,32
0,1,1,0,1,143433,37
0,0,3,0,2,201546,53
0,1,3,2,2,277471,69
1,1,1,0,1,133479,47
0,0,3,2,2,194526,52
0,0,3,2,2,206613,54
1,1,1,2,1,88747,38
0,1,0,2,1,71042,34
1,0,3,2,2,156615,44
0,1,3,2,2,268628,67
1,0,1,2,1,104229,41
1,1,1,2,1,95649,39
1,0,2,1,1,86363,29
0,1,1,0,1,113444,30
0,0,3,2,2,205809,54
1,0,3,2,2,183806,49
1,1,0,2,1,110478,42
0,0,3,1,1,99627,32
0,1,1,0,1,115063,31
1,0,1,2,1,91739,38
1,0,3,2,2,173183,47
0,1,3,1,1,112890,34
0,0,3,2,2,198700,53
0,0,3,0,2,206460,54
0,1,1,0,1,129756,34
1,1,1,0,1,137455,48
0,1,1,0,0,143360,37
0,1,1,0,1,134297,35
1,0,3,2,2,172114,47
0,1,3,2,2,221329,57
0,0,2,1,1,106177,33
0,1,1,0,1,120977,32
0,1,3,2,2,218974,57
0,1,3,2,2,215873,56
0,1,3,2,2,236383,61
1,0,1,0,1,133002,47
1,0,2,1,1,90665,30
1,0,2,1,1,63900,24
1,0,3,1,2,55182,22
1,1,1,2,1,117085,44
1,0,2,1,1,94397,30
0,1,3,2,2,269603,68
1,0,0,2,1,124755,45
0,1,3,2,2,234004,60
0,1,1,0,1,133125,34
0,0,2,1,2,104362,33
1,0,3,2,2,202339,53
1,0,1,0,1,138760,48
0,0,3,2,1,197737,52
0,0,3,2,2,194464,52
0,1,1,0,0,144590,37
1,0,2,1,2,94562,30
0,0,3,2,2,191283,51
1,1,1,0,1,133622,47
1,0,1,0,0,137395,48
0,1,1,0,1,121844,32
1,0,2,1,2,72373,26
1,0,1,2,1,113125,43
1,0,3,2,2,179796,49
0,0,2,1,1,100267,32
1,1,0,2,1,116518,44
1,0,2,0,1,83128,28
1,1,0,2,1,104877,41
0,0,3,2,2,189921,51
0,1,3,2,2,234303,60
0,1,3,2,2,224823,58
0,1,2,1,1,117502,35
0,1,3,2,2,240817,61
1,1,1,2,1,105548,41
0,1,1,0,1,113104,30
0,0,3,2,2,191502,51
0,1,3,2,2,214844,56
1,1,3,2,2,211921,55
1,0,2,1,1,88114,29
1,0,1,2,1,93365,39
1,0,2,1,1,81814,28
1,0,2,1,1,63579,24
0,1,1,0,1,159308,40
1,0,0,2,1,115662,43
0,1,3,2,1,239653,61
0,1,1,0,1,150619,38
1,1,1,2,0,105800,41
0,1,1,0,1,148905,38
0,0,3,0,2,189390,51
0,0,2,1,1,98503,31
0,1,1,0,1,139959,36
1,1,0,2,1,118799,44
1,0,2,1,1,92472,30
1,0,3,2,2,195958,52
0,0,2,1,1,100583,32
1,0,0,0,1,158391,52
1,0,2,1,1,91026,30
1,0,3,1,1,87349,29
0,1,1,0,1,158409,40
1,0,1,2,1,99626,40
1,1,0,2,1,101744,40
0,1,1,0,0,121121,32
1,0,1,0,1,94936,26
0,0,3,2,2,207754,54
0,1,2,1,1,111774,34
1,0,0,0,1,141186,49
1,0,2,1,2,92366,30
1,0,2,2,1,113137,43
1,1,0,2,1,89675,38
0,0,3,1,1,100739,32
0,1,1,0,1,140231,36
1,1,1,0,1,152088,51
0,1,2,1,1,109073,34
0,1,1,0,1,120616,32
0,1,1,0,1,167962,42
1,0,2,1,1,87894,29
0,1,1,0,0,133141,34
1,1,0,2,1,99023,40
0,1,1,0,1,161561,40
1,1,1,2,1,123490,45
1,0,0,0,1,129994,46
0,0,2,1,1,96505,31
1,0,1,0,1,106258,29
0,0,2,1,1,96919,31
0,0,2,1,2,102918,32
1,1,1,2,1,107991,42
0,1,1,0,1,117950,31
0,1,1,0,1,116709,31
1,0,2,1,1,35832,18
0,0,3,0,2,185157,50
1,0,2,1,2,79671,27
0,1,1,0,1,156413,39
1,0,1,0,1,128515,46
0,1,2,1,1,114091,35
1,0,0,0,1,131475,47
1,0,2,1,2,73459,26
1,0,1,2,1,107021,42
0,1,2,1,1,116091,35
1,1,1,2,1,108512,42
0,1,1,0,1,145215,37
0,0,2,1,1,95575,31
0,1,3,2,2,225931,58
1,0,2,1,2,62570,24
1,0,3,1,2,84094,28
0,1,1,0,0,115870,31
1,0,2,1,1,76677,27
0,1,1,0,1,135414,35
0,1,3,2,2,219468,57
0,1,1,0,1,183041,45
1,0,3,1,1,94623,30
0,1,1,0,1,120078,32
1,0,0,2,1,83193,37
0,1,1,0,0,113549,30
1,1,0,2,1,117149,44
1,1,0,0,1,153563,51
0,1,1,0,0,140253,36
0,1,1,0,1,120001,32
0,1,1,0,0,142883,36
0,0,3,2,2,188716,50
0,1,1,0,1,120793,32
0,1,1,0,1,183468,45
0,0,1,2,1,64460,33
0,0,3,1,1,101167,32
0,0,2,1,2,107033,33
0,1,1,0,0,160769,40
1,0,0,2,1,104709,41
0,1,3,2,2,230530,59
0,0,3,2,2,187496,50
0,1,1,2,1,75262,35
0,1,1,0,1,124342,33
1,0,2,1,2,94116,30
0,1,1,0,1,153580,39
1,0,1,0,1,97871,27
1,0,3,2,2,167980,46
0,0,2,1,1,97597,31
0,1,3,2,2,271355,68
0,1,1,0,1,118728,31
1,0,1,0,1,159317,53
0,1,3,2,2,213527,56
0,0,3,2,2,207967,54
0,1,1,0,1,132242,34
0,1,1,0,1,118388,31
1,0,3,2,2,173837,47
1,1,0,2,1,81699,36
1,0,2,1,1,83621,28
0,1,3,2,2,223541,58
0,0,3,2,2,189414,51
0,0,1,0,0,142158,36
1,0,2,1,1,75955,27
1,0,2,1,1,83713,28
0,1,2,1,1,114433,35
0,1,3,2,2,214027,56
0,1,1,0,1,122301,32
0,1,1,0,1,123554,32
0,0,3,2,1,186530,50
0,1,1,0,0,135389,35
1,0,3,2,1,180459,49
1,0,0,2,1,124727,45
0,0,1,0,1,139667,36
1,0,1,2,1,119434,44
0,1,3,2,2,212607,55
1,0,1,2,1,122921,45
0,1,1,0,1,140409,36
0,1,3,2,2,226620,58
1,1,0,2,1,84707,37
0,1,1,0,1,148345,38
0,0,3,0,2,196205,52
1,0,1,2,1,91135,38
1,1,3,0,2,250429,64
1,1,0,2,1,98632,40
1,1,0,2,1,115194,43
0,1,1,0,1,131831,34
1,0,3,2,2,158959,44
0,1,1,0,0,128690,33
1,0,3,1,1,84314,28
0,1,3,0,2,223636,58
0,1,2,1,1,115166,35
1,0,2,1,2,78025,27
1,0,2,1,1,72697,26
0,0,3,2,2,194407,52
1,0,2,1,1,90313,30
1,0,3,1,1,90167,30
1,0,3,2,2,165889,46
1,1,0,2,1,79376,36
1,1,0,2,1,104617,41
1,0,2,1,1,87188,29
1,0,3,2,2,162369,45
1,0,1,2,1,90968,38
0,1,3,0,2,209340,55
1,0,2,2,1,93178,30
1,0,3,2,2,167576,46
1,0,3,2,2,181545,49
1,1,1,2,0,115082,43
0,1,1,0,1,132395,34
1,1,1,0,1,139026,48
0,1,3,0,2,227990,59
1,0,2,1,1,70507,25
0,1,1,0,1,141009,36
1,0,0,2,1,108662,42
0,0,3,2,2,201852,53
0,1,1,0,1,144095,37
0,0,2,2,2,101861,32
0,1,1,0,1,161642,40
0,1,3,2,2,212158,55
0,1,3,2,2,211145,55
0,1,1,0,1,127636,33
0,1,1,0,1,116272,31
0,1,1,0,0,130778,34
0,1,1,0,1,159276,40
1,0,2,1,1,77720,27
1,0,3,2,1,185942,50
0,1,1,0,0,117626,31
0,0,2,1,1,100294,32
1,1,0,2,1,112876,43
0,1,3,2,2,209010,55
1,0,3,1,1,71251,26
1,1,1,2,1,123139,45
1,1,1,0,1,126322,46
1,0,2,1,1,74507,26
1,0,3,1,1,91407,30
0,1,1,0,0,150473,38
1,0,1,2,1,101859,40
1,1,1,2,1,114340,43
1,0,1,0,1,147288,50
1,1,1,2,1,101840,40
0,1,1,0,1,142777,36
1,0,3,2,2,158015,44
0,0,3,1,1,100566,32
0,1,1,0,1,134624,35
1,1,3,2,2,237700,61
1,0,3,1,1,57316,23
0,0,2,1,1,96688,31
0,1,3,2,2,209595,55
0,0,3,2,2,196683,52
1,0,0,2,1,99741,40
1,1,1,2,1,95960,39
1,0,3,1,1,59170,23
0,1,1,0,1,124792,33
0,1,3,2,2,232666,60
0,0,3,2,2,187095,50
1,0,1,2,1,109862,42
0,1,2,1,1,121941,36
1,1,1,2,1,103264,41
1,0,2,1,1,86117,29
1,0,0,2,1,95604,39
1,0,1,0,0,99623,27
1,0,2,1,1,75278,26
1,0,1,0,0,95920,27
0,0,3,2,2,195458,52
1,0,3,1,1,78597,27
0,1,1,2,1,70186,34
1,0,2,1,1,91702,30
0,1,1,0,1,141169,36
1,0,2,1,1,70423,25
1,0,2,1,1,78627,27
0,1,3,2,1,211660,55
1,0,3,2,2,168975,46
1,1,1,0,1,149501,51
1,1,1,0,1,137573,48
1,0,3,2,2,182699,49
1,1,1,2,1,104473,41
1,0,2,1,1,88193,29
0,1,1,0,1,169647,42
1,0,2,1,1,76364,27
1,1,0,2,1,111541,43
0,1,1,0,1,127212,33
0,1,1,0,0,127045,33
0,1,1,0,1,139953,36
0,1,3,1,1,119319,36
0,1,2,1,1,111000,34
1,1,3,2,2,236440,61
1,0,1,2,1,122967,45
1,0,3,2,2,168109,46
0,0,2,1,1,95066,31
1,0,1,2,1,102292,41
1,0,2,1,1,75521,26
0,1,3,2,2,223943,58
1,0,2,1,1,82650,28
1,0,3,1,1,59333,23
0,0,3,2,2,195994,52
0,0,2,1,1,99000,31
1,0,2,1,2,89897,29
1,1,1,0,1,135300,48
1,1,3,2,2,221187,57
0,1,3,1,1,122635,36
1,0,3,1,1,81093,28
0,1,2,1,2,117282,35
1,1,0,2,1,108387,42
1,1,3,2,2,217424,57
1,0,1,2,1,90918,38
1,1,1,2,1,107889,42
0,0,3,2,2,197972,52
0,1,1,0,0,111006,30
0,0,3,2,2,204885,54
1,0,0,0,1,132665,47
0,1,1,0,1,160883,40
1,0,1,2,1,107305,42
1,1,0,2,1,97632,40
0,1,3,2,2,253171,64
1,1,1,0,1,153301,51
0,1,2,1,1,114600,35
1,0,1,0,0,107873,29
1,0,1,0,1,103677,28
0,0,0,2,1,54538,30
1,1,0,2,1,83219,37
0,1,1,0,1,173640,43
1,1,1,2,1,114171,43
0,1,1,0,1,154515,39
1,0,2,1,1,82066,28
0,1,2,2,2,119819,36
1,1,0,2,1,112108,43
1,0,1,2,1,87422,37
0,1,3,2,2,223854,58
0,1,2,1,1,115578,35
1,1,3,2,2,248227,63
1,0,3,2,2,161840,45
1,1,1,2,1,107649,42
1,0,1,2,1,119650,44
0,1,3,2,2,209825,55
1,0,2,1,1,49780,21
1,1,1,2,1,112034,43
1,1,1,0,1,80447,27
1,0,3,1,1,71226,26
0,1,3,2,2,217354,56
0,0,2,1,1,104572,33
0,1,3,2,2,251205,64
0,0,1,2,1,60434,32
0,1,3,2,2,261114,66
0,1,2,1,1,119801,36
1,0,1,2,1,96869,39
0,0,2,1,2,99570,32
1,0,3,2,1,175775,48
0,0,2,1,1,101005,32
0,1,3,2,2,225634,58
0,1,3,2,2,219079,57
1,1,0,0,1,127823,46
1,0,1,2,1,115737,43
0,0,3,2,2,207968,54
1,0,3,1,1,72642,26
1,0,3,2,1,173144,47
1,0,3,1,2,77857,27
0,1,2,1,1,109457,34
0,1,1,0,1,133392,34
0,1,3,2,1,112164,34
1,0,1,0,1,135057,48
0,1,3,1,1,121734,36
0,1,1,0,1,122919,32
1,0,0,0,1,132891,47
1,1,1,0,1,140216,49
1,0,0,0,1,143734,49
0,1,3,2,2,253548,64
0,0,2,1,1,99290,31
0,1,1,0,1,121651,32
1,0,1,0,0,104497,28
0,1,3,2,2,246222,63
1,1,1,0,1,133469,47
0,1,1,0,1,111498,30
1,0,1,2,1,123697,45
0,1,1,0,1,113445,30
0,1,1,0,1,124354,33
0,1,3,0,2,209876,55
1,0,2,1,2,71995,26
0,1,1,0,1,141354,36
1,0,1,0,1,128025,46
0,1,1,0,1,138917,36
1,0,2,1,1,85604,29
1,0,3,2,2,179995,49
1,0,1,2,1,88732,38
1,0,1,2,1,115365,43
0,1,1,0,0,135147,35
0,1,1,0,0,119510,32
1,0,0,2,1,96498,39
0,0,3,2,2,197421,52
0,0,3,2,2,196606,52
1,1,1,2,1,101109,40
0,1,1,0,1,129685,34
1,0,2,1,1,94265,30
1,0,1,0,1,96953,27
1,1,1,0,1,131448,47
0,1,3,2,1,243082,62
1,0,2,2,2,91855,30
1,0,0,2,1,87950,38
0,1,1,0,1,137700,35
0,1,3,2,2,212802,56
0,1,1,0,1,163895,41
1,0,1,2,1,103261,41
0,1,1,0,1,133640,34
1,0,3,2,2,155241,43
1,0,3,2,2,204482,54
1,0,3,1,2,93526,30
0,1,1,0,1,172000,43
0,1,1,0,1,139565,36
0,0,3,2,2,201134,53
0,1,1,0,1,165287,41
1,1,1,0,1,140415,49
0,1,1,0,1,140613,36
1,1,0,0,1,126112,46
1,0,2,1,2,69926,25
0,0,1,2,1,76869,35
0,1,1,0,1,151475,38
0,0,2,1,1,103485,32
1,0,2,1,1,69209,25
1,0,2,1,1,92848,30
0,1,0,2,1,71143,34
0,0,3,1,1,97490,31
0,1,3,1,1,120681,36
0,1,1,0,1,112449,30
0,1,3,0,1,277034,69
0,1,3,2,2,266140,67
0,0,3,2,2,203125,53
1,0,3,1,1,90067,30
0,0,2,1,1,98180,31
1,1,0,2,1,116210,44
0,0,3,1,1,96062,31
0,1,2,1,1,130982,38
1,0,1,0,1,104868,28
0,0,3,2,2,204467,54
1,0,3,0,1,212218,55
1,0,2,1,1,47600,20
1,0,3,1,1,64204,24
1,0,1,0,1,128472,46
1,0,2,1,1,76048,27
1,0,0,0,1,128228,46
0,1,3,2,2,219525,57
1,0,2,1,1,90263,30
1,0,3,1,1,93802,30
1,0,2,1,1,74803,26
0,1,3,2,2,217512,57
1,1,0,2,1,117898,44
1,1,0,2,1,91805,38
1,1,0,2,1,106815,42
0,0,2,1,1,96905,31
1,0,2,1,1,88281,29
0,1,3,2,2,236079,60
0,1,3,2,1,228347,59
1,0,2,1,1,70725,25
1,0,0,0,1,137272,48
1,0,0,2,1,107714,42
0,1,1,0,0,149466,38
1,1,0,2,1,112589,43
0,1,3,2,1,209967,55
1,0,3,1,1,72566,26
1,1,1,2,1,111209,42
0,0,3,1,1,108089,33
0,1,1,0,0,160011,40
1,1,1,2,1,117061,44
1,1,1,2,1,116790,44
0,1,1,0,0,158002,40
1,0,2,1,2,93565,30
0,0,2,1,1,104535,33
1,0,3,1,1,58577,23
0,1,2,1,1,110060,34
0,1,1,0,1,138628,36
0,1,3,2,2,219599,57
0,1,0,2,1,78235,35
0,1,3,1,1,116208,35
1,0,3,2,1,85221,28
1,1,1,2,1,108960,42
0,1,3,2,1,234749,60
0,1,1,0,1,118917,31
0,1,2,1,1,122517,36
1,0,1,2,1,90766,38
0,1,3,0,2,208799,55
0,1,1,0,1,183734,45
1,0,1,0,0,100635,28
0,1,1,0,1,135469,35
1,1,0,2,1,109295,42
1,0,1,0,1,105951,29
0,1,1,0,1,132856,34
0,0,3,2,2,194614,52
0,1,2,1,1,120260,36
1,0,3,2,1,178113,48
0,1,1,0,1,118067,31
1,0,3,0,2,188780,50
0,1,1,0,0,143462,37
1,1,0,2,1,82137,36
1,0,1,0,0,109562,29
0,1,3,2,2,214178,56
1,0,3,1,1,92157,30
0,1,3,2,1,223078,58
1,0,2,1,1,89541,29
1,0,2,1,1,81774,28
1,0,2,1,1,64828,24
0,1,1,0,1,134695,35
1,0,1,2,1,91651,38
0,1,1,0,1,157040,39
0,1,3,2,2,218619,57
1,0,3,1,1,72366,26
1,0,3,2,2,178095,48
1,1,1,2,1,97173,39
0,0,3,1,1,103147,32
1,0,3,2,2,192920,51
0,1,1,0,0,142475,36
1,0,1,0,0,109027,29
1,0,0,2,1,111618,43
0,1,3,2,2,223303,58
1,0,3,0,2,179798,49
0,0,3,2,2,187192,50
0,1,1,0,1,140415,36
0,0,3,2,2,190870,51
1,1,0,0,1,146017,50
0,1,1,0,1,125867,33
0,1,1,0,1,116635,31
1,0,0,2,1,99040,40
1,1,0,2,1,86991,37
1,0,2,1,1,91395,30
0,0,3,2,2,197449,52
1,0,3,2,1,169879,46
1,0,2,1,1,72309,26
0,0,2,1,1,96207,31
0,1,3,2,2,213656,56
1,0,2,1,1,50243,21
0,0,3,1,1,102425,32
1,0,1,0,1,148532,50
0,1,3,2,2,246516,63
0,1,1,0,1,144102,37
0,0,0,2,1,70004,34
0,0,3,0,2,186021,50
1,0,3,2,2,162954,45
0,1,0,2,1,75153,35
1,0,3,1,2,52172,21
1,0,2,1,2,55615,22
0,0,3,2,2,202147,53
1,1,1,2,1,109124,42
1,0,1,2,1,111287,42
1,0,3,2,2,181084,49
0,0,3,2,2,196865,52
1,0,2,1,2,93010,30
1,1,1,2,1,110493,42
0,0,2,1,1,102459,32
1,1,0,2,1,87821,38
0,1,1,0,0,148978,38
1,0,1,0,1,134397,47
1,1,0,0,1,141695,49
1,0,1,0,1,103773,28
1,0,2,1,1,94206,30
0,1,3,2,2,260056,66
0,0,2,1,1,101150,32
1,0,2,1,2,86861,29
0,0,3,1,1,107365,33
0,1,1,0,1,110104,30
0,1,3,2,2,252636,64
0,1,1,0,1,159434,40
0,1,3,2,2,224931,58
0,1,2,1,1,121080,36
0,0,3,2,2,199964,53
1,0,2,2,1,90762,30
0,1,2,1,1,110527,34
1,1,3,0,1,208355,55
1,0,2,1,1,78465,27
1,0,0,2,1,89882,38
0,1,1,0,1,156570,39
1,0,1,0,1,105377,29
1,0,1,2,1,91717,38
1,0,3,1,1,90899,30
0,1,1,0,1,145645,37
1,0,3,2,1,74113,26
1,1,0,0,1,126916,46
0,1,1,0,1,117849,31
0,0,2,1,1,106194,33
0,1,1,0,0,132059,34
1,0,2,1,1,85593,29
0,0,3,2,2,204471,54
1,0,3,2,2,180910,49
1,0,3,1,1,82049,28
1,1,0,2,1,85424,37
1,0,1,2,1,83174,37
0,0,3,1,1,98909,31
0,1,3,2,2,212606,55
1,0,1,2,1,118047,44
1,0,3,1,1,78475,27
0,1,1,0,1,161657,40
0,1,3,0,2,230304,59
1,0,1,2,0,85480,37
0,1,1,0,1,118898,31
1,1,1,2,1,122194,45
1,1,0,2,1,106652,41
0,0,3,2,2,206902,54
0,1,3,2,2,217043,56
0,0,3,0,2,195694,52
1,0,1,0,1,165437,54
1,1,0,0,1,129063,46
1,1,0,0,1,160426,53
0,1,1,0,1,137007,35
0,0,3,0,2,203607,54
0,1,1,0,0,146406,37
0,1,3,2,2,231771,60
1,0,3,1,2,72841,26
0,1,1,0,1,119971,32
0,1,3,2,2,224317,58
0,1,1,0,1,121828,32
0,0,2,1,2,102981,32
1,0,2,1,2,92997,30
0,1,3,2,2,260641,66
0,1,1,0,1,131360,34
1,0,2,1,1,93764,30
1,1,1,2,1,117862,44
1,0,1,2,1,104186,41
0,1,1,0,1,155103,39
0,1,1,0,1,166543,41
1,0,3,2,2,165424,45
1,1,1,2,1,119018,44
0,1,1,0,1,139708,36
0,1,1,0,1,158631,40
0,1,1,0,1,143824,37
1,0,1,2,0,103200,41
0,1,1,0,1,145507,37
1,0,1,2,1,117646,44
0,1,3,2,2,216712,56
0,1,1,0,1,117977,31
1,1,1,2,1,93051,39
1,0,1,0,0,103998,28
0,1,1,0,1,145962,37
1,0,0,2,1,119921,44
0,1,1,0,1,132077,34
0,1,2,1,1,140358,40
0,0,3,2,2,184932,50
0,1,1,0,1,142105,36
0,1,2,1,1,146875,42
0,1,3,2,1,225869,58
1,0,0,2,1,109568,42
1,0,0,2,1,94344,39
1,1,1,0,1,126314,46
0,0,2,1,2,108908,33
1,0,1,0,0,105656,29
1,0,3,2,2,154201,43
1,0,3,2,2,161488,45
1,1,1,0,1,128581,46
1,0,2,1,1,84656,28
1,0,3,2,2,157473,44
1,1,1,2,1,119703,44
1,0,1,0,1,102289,28
1,0,0,2,1,107635,42
1,0,1,0,0,86973,25
1,0,2,1,1,89069,29
0,1,1,0,0,122958,32
1,0,1,2,1,95477,39
0,1,3,2,2,215055,56
0,1,3,2,2,224951,58
0,1,1,0,1,132398,34
1,1,0,2,1,111752,43
1,0,2,1,1,84442,28
1,0,3,2,2,161672,45
1,1,1,2,1,125264,45
0,1,3,2,2,209665,55
0,0,3,2,2,192560,51
0,1,3,2,2,213043,56
1,1,0,2,1,124489,45
0,0,3,2,2,197944,52
1,0,1,2,1,111043,42
1,0,2,1,1,81593,28
0,0,3,2,2,185529,50
0,1,1,0,1,139236,36
1,1,0,2,1,96914,39
1,0,2,1,1,80184,27
0,0,3,2,2,190212,51
1,1,3,0,1,217198,56
1,0,1,2,1,102866,41
1,0,3,2,2,175988,48
0,1,3,2,2,213789,56
1,0,3,2,2,163764,45
1,0,3,2,2,171652,47
1,0,0,2,1,110890,42
1,1,0,2,1,91001,38
0,1,1,0,0,170122,42
1,0,3,2,2,165532,46
1,0,1,2,1,95651,39
1,1,3,2,2,229311,59
0,1,0,2,1,72020,34
0,1,2,1,1,111839,34
1,0,3,2,2,166656,46
0,1,1,0,1,146302,37
0,1,1,0,1,147402,37
1,0,1,0,1,130946,47
0,1,1,0,0,148278,38
0,1,1,0,1,110091,30
0,0,3,2,2,207951,54
0,1,2,1,1,109957,34
0,0,0,2,1,78133,35
0,0,3,2,2,191386,51
1,0,3,2,2,180129,49
1,0,2,1,1,86748,29
0,1,3,2,2,247880,63
0,0,3,2,2,197228,52
1,0,1,0,1,106236,29
0,0,3,2,1,197308,52
0,1,2,1,1,126798,37
1,0,1,2,1,81178,36
1,0,0,2,1,119498,44
0,1,3,2,2,262186,66
1,0,1,2,1,124524,45
0,1,1,0,1,122974,32
0,1,1,0,1,111406,30
0,1,1,0,1,138741,36
0,1,1,0,1,173171,43
1,0,2,1,2,84636,28
1,0,3,1,2,66344,24
1,0,1,2,1,96368,39
0,1,1,0,1,163458,41
1,1,0,2,0,110864,42
1,1,1,0,1,134182,47
0,1,3,2,2,209716,55
0,0,1,2,1,61471,32
0,1,1,0,1,120703,32
0,1,1,0,1,129145,34
1,0,0,2,1,101771,40
0,1,1,0,1,132183,34
1,1,1,0,1,140186,49
0,0,3,2,2,203527,54
0,1,1,0,1,179637,44
1,0,3,2,2,175983,48
0,1,3,1,1,116748,35
1,1,0,2,1,89399,38
0,1,1,0,1,155494,39
1,1,1,2,1,120537,44
0,1,3,2,2,210934,55
1,0,1,2,1,103328,41
0,1,1,0,0,130291,34
0,1,1,2,1,66889,33
0,1,1,0,1,139374,36
1,1,1,0,1,139104,48
1,0,0,2,1,107342,42
0,1,3,2,2,248887,63
0,1,3,2,2,254930,64
1,0,1,2,1,84415,37
1,0,3,0,1,212099,55
1,0,3,2,2,178282,48
1,0,1,0,1,107171,29
0,0,3,2,2,200135,53
1,0,3,2,2,172692,47
1,1,1,0,1,146776,50
1,0,1,2,1,87581,37
0,0,3,2,2,193571,51
0,1,1,0,1,166810,42
1,0,2,1,1,69611,25
0,1,1,0,1,127584,33
0,0,1,2,1,74800,35
1,0,2,1,1,81531,28
0,0,1,2,1,78159,35
0,0,3,2,2,185472,50
1,0,2,1,1,76439,27
0,1,1,0,1,127548,33
0,1,1,0,1,121970,32
0,0,3,2,1,196569,52
1,0,0,2,1,92631,39
1,0,2,1,1,72061,26
1,1,1,2,1,119448,44
0,1,1,0,0,114288,30
1,1,0,0,1,131985,47
1,0,2,1,1,71017,25
1,0,2,1,1,81095,28
1,1,3,0,1,211021,55
1,1,1,2,1,119540,44
0,1,3,2,2,218046,57
0,1,1,0,1,134849,35
0,1,3,2,2,212243,55
0,1,1,0,1,117909,31
0,1,1,0,1,133552,34
0,0,3,1,1,97387,31
1,0,3,2,2,171429,47
0,1,3,2,2,225509,58
0,1,3,0,2,219869,57
1,0,2,2,1,63827,24
0,1,3,2,2,214282,56
0,1,1,0,1,127340,33
0,1,1,0,1,136376,35
1,0,3,1,1,59272,23
0,1,3,2,2,246842,63
1,1,0,2,1,107357,42
0,0,2,1,1,95112,31
0,0,3,2,2,186663,50
0,0,3,2,2,195590,52
1,0,2,1,1,47825,21
0,1,1,0,1,126888,33
1,0,1,0,1,110042,29
1,1,0,2,1,101337,40
1,1,0,0,0,135306,48
1,0,1,2,1,106633,41
0,1,1,0,1,125989,33
1,0,1,0,1,136652,48
0,1,1,0,1,143797,37
1,0,3,2,2,180795,49
0,0,2,1,2,95446,31
1,1,0,2,1,89718,38
1,0,0,2,1,88479,38
1,0,3,1,2,74493,26
1,1,1,0,1,145322,50
1,1,1,2,1,120378,44
0,1,1,0,1,140644,36
0,0,3,1,1,96276,31
0,1,1,0,1,125315,33
1,1,1,2,1,108748,42
1,0,3,2,2,163931,45
1,0,3,1,1,79905,27
1,1,0,2,1,117958,44
0,1,3,2,2,238606,61
1,0,3,1,1,79866,27
0,1,1,0,1,142675,36
0,0,3,1,1,100167,32
0,0,2,1,1,97278,31
1,0,1,0,1,109350,29
1,1,3,2,2,237081,61
1,0,2,1,1,78747,27
1,0,2,1,1,79996,27
1,1,0,2,1,103416,41
0,1,1,0,1,138688,36
1,0,1,0,1,134400,47
1,0,3,2,1,178899,48
1,1,0,2,1,107384,42
1,0,3,1,2,65150,24
1,0,1,2,1,84658,37
0,1,3,2,1,223876,58
1,0,3,2,2,178858,48
1,0,3,2,2,177339,48
0,0,2,1,1,99835,32
0,0,2,1,1,100429,32
0,1,2,1,1,117194,35
0,0,3,1,1,95539,31
1,0,1,0,1,95719,26
0,0,2,1,1,103997,32
1,0,3,1,1,77760,27
1,0,2,0,2,70361,25
1,0,1,0,1,134483,47
1,0,3,2,2,163486,45
0,1,3,2,2,233398,60
0,0,2,1,2,108403,33
1,1,1,2,1,94553,39
1,0,2,1,1,92162,30
0,1,1,2,1,66633,33
0,1,1,0,1,139131,36
1,1,0,0,1,143119,49
1,0,3,1,1,88008,29
1,0,3,2,1,179574,48
0,1,1,0,1,115396,31
1,0,2,1,1,92844,30
0,1,3,0,2,211206,55
0,1,3,2,2,248763,63
1,0,3,2,2,182844,49
0,1,1,2,1,63146,32
0,1,1,0,1,129701,34
1,1,1,0,1,128070,46
0,0,3,2,2,188416,50
0,1,3,2,2,237966,61
1,0,1,2,1,96250,39
0,1,1,0,0,121745,32
0,1,3,2,2,232906,60
0,1,1,0,0,164452,41
0,1,2,1,1,110311,34
0,0,1,2,1,76364,35
1,0,2,1,1,75764,26
0,0,3,0,1,201439,53
0,1,1,0,1,122823,32
1,1,0,2,1,84294,37
0,1,1,0,1,157679,40
1,1,1,2,1,97948,40
1,0,1,2,1,86741,37
0,1,1,0,1,114746,30
0,1,3,2,2,285378,71
0,1,1,0,1,145443,37
0,1,1,0,1,121248,32
1,1,0,2,1,112281,43
1,0,2,1,1,93076,30
0,0,2,1,1,99384,31
0,1,2,1,1,119016,36
0,1,1,0,1,113404,30
0,0,2,0,1,102902,32
0,1,3,2,2,217100,56
1,0,2,1,1,72520,26
1,0,3,0,2,197206,52
1,0,3,1,1,80745,28
0,1,1,0,1,142863,36
1,0,3,2,2,198558,53
0,0,3,2,1,185858,50
0,0,3,2,2,193038,51
1,0,2,1,1,87473,29
1,0,3,1,1,88451,29
0,1,1,0,1,140500,36
1,0,1,2,1,104220,41
0,1,1,0,0,119337,31
0,1,1,0,1,121229,32
1,0,3,1,1,88030,29
1,0,2,1,1,65725,24
0,0,3,1,1,105086,33
1,0,0,2,1,121496,45
0,1,1,0,0,148413,38
0,1,1,0,1,146773,37
1,0,3,2,2,178436,48
0,1,1,0,0,137307,35
0,0,3,2,2,192108,51
0,0,3,2,2,198686,53
0,0,3,1,2,98630,31
1,0,3,2,2,191766,51
1,0,0,0,1,125656,46
0,1,2,1,1,124753,37
1,0,3,1,2,85125,28
0,1,3,2,2,251737,64
0,1,3,2,2,239308,61
0,1,3,2,2,238832,61
0,1,3,2,2,215675,56
0,1,1,0,1,164875,41
1,0,3,2,2,153403,43
1,0,1,2,1,116156,44
0,0,2,1,1,100129,32
1,0,2,1,1,69540,25
1,1,3,2,2,214259,56
1,0,1,0,0,106572,29
0,1,1,0,1,144737,37
0,1,3,2,2,259515,65
1,1,1,2,1,101129,40
0,1,1,0,1,144955,37
1,1,1,2,1,124071,45
0,1,1,0,1,119505,32
1,0,1,0,0,102877,28
1,1,0,2,1,94634,39
0,1,1,0,1,150292,38
0,1,1,0,1,135648,35
0,1,1,0,1,116404,31
0,1,1,0,1,113466,30
0,1,1,0,1,120847,32
0,0,3,2,2,196685,52
0,1,3,1,1,114372,35
1,0,3,2,2,176082,48
1,0,3,1,1,53756,22
0,1,1,0,0,144781,37
0,1,3,2,2,259923,66
0,1,1,0,1,162176,41
0,1,1,0,0,166750,42
0,1,1,0,1,125905,33
0,1,3,2,2,208368,55
0,1,1,0,1,117455,31
0,0,3,2,2,188065,50
1,0,3,1,1,86742,29
0,1,3,2,2,213980,56
1,0,3,1,1,89536,29
0,0,3,2,2,206398,54
0,1,2,1,1,112991,34
0,1,1,0,1,147084,37
0,0,3,2,2,198986,53
0,1,3,2,2,227311,59
0,1,3,2,2,255716,65
1,0,3,0,2,179566,48
0,1,3,1,1,125780,37
1,0,1,0,1,141088,49
0,1,3,2,2,214597,56
0,0,3,2,2,187708,50
1,1,1,2,1,121588,45
0,1,1,0,0,139405,36
0,1,1,0,1,139734,36
0,1,1,2,1,60463,32
1,0,3,0,2,163693,45
0,0,3,2,2,207289,54
0,1,1,0,1,148181,38
0,1,2,1,1,109972,34
1,0,0,2,1,125514,45
1,1,0,2,1,112461,43
0,1,1,0,1,156143,39
0,1,3,2,2,215180,56
1,0,0,2,1,87820,38
1,0,2,1,1,74930,26
0,1,1,0,0,171031,42
0,0,2,1,1,100991,32
1,0,3,2,2,183020,49
0,1,1,0,0,170411,42
1,1,0,0,1,155421,52
0,0,3,2,2,199251,53
1,1,0,2,1,80060,36
0,1,1,0,1,116941,31
0,1,1,0,1,136502,35
1,0,2,1,1,88737,29
0,0,3,2,2,201107,53
1,0,3,2,2,182837,49
1,0,3,2,2,152434,43
1,0,3,0,2,171590,47
1,0,0,2,1,100703,40
1,0,2,1,1,77854,27
1,0,1,0,1,132496,47
1,1,1,2,1,110256,42
0,0,2,2,1,99124,31
1,0,2,1,1,65495,24
0,1,3,2,1,237051,61
0,1,1,0,0,139726,36
1,0,2,1,2,88123,29
0,1,1,0,1,137113,35
0,1,3,2,2,235184,60
1,1,1,2,1,95903,39
0,1,2,2,2,112498,34
1,1,1,2,0,113189,43
1,1,1,2,1,121907,45
1,0,1,0,0,108193,29
1,0,2,1,1,75926,27
1,0,1,2,1,91472,38
1,1,1,0,0,133948,47
1,0,2,1,1,92502,30
1,0,2,1,1,57544,23
1,0,1,2,1,98077,40
1,0,3,1,1,87115,29
1,0,1,2,1,98767,40
0,1,3,2,2,233646,60
0,1,1,0,0,149765,38
1,0,1,0,1,167555,54
0,1,1,0,1,136995,35
0,1,3,2,2,215557,56
0,1,3,1,1,115436,35
1,0,2,1,1,79737,27
0,1,1,0,0,138922,36
0,1,3,2,2,219804,57
0,1,1,0,1,161672,40
0,1,2,1,1,112629,34
0,1,1,0,1,140988,36
1,0,2,1,1,89819,29
0,1,1,0,1,110144,30
0,1,3,2,2,293929,73
1,0,3,0,2,206677,54
1,0,2,1,1,66772,25
1,0,2,1,1,88684,29
1,0,2,1,1,68968,25
1,0,1,0,0,95142,26
0,0,3,0,2,188535,50
1,1,1,2,1,104191,41
0,1,0,2,1,69528,34
0,0,2,1,2,99676,32
1,0,3,1,1,68618,25
0,0,3,2,2,192759,51
0,1,2,1,1,112172,34
1,0,0,2,1,86647,37
0,1,3,2,2,232361,60
1,0,2,1,2,70328,25
0,0,3,2,2,194071,52
1,0,0,2,1,78757,36
1,0,3,2,2,182818,49
0,1,1,0,1,152890,39
0,1,3,2,2,232680,60
0,1,1,0,1,174344,43
0,1,1,0,1,114112,30
1,1,0,2,1,89698,38
1,0,1,0,0,99262,27
0,1,3,2,2,217386,56
1,0,3,2,2,173654,47
0,0,3,2,1,188868,50
1,0,1,0,0,107471,29
0,1,1,0,0,166852,42
0,1,3,2,2,221043,57
0,0,3,2,2,188074,50
1,0,0,2,1,119201,44
0,0,3,2,2,187704,50
1,1,1,0,1,143521,49
1,1,0,2,1,82875,36
0,1,1,0,1,170728,42
1,1,1,2,1,120121,44
1,0,1,2,1,103393,41
0,1,3,1,1,111590,34
0,0,3,2,2,200806,53
0,0,3,1,1,108447,33
0,1,1,0,1,179591,44
0,0,3,2,2,201093,53
1,0,1,2,1,89342,38
1,0,0,0,1,137189,48
0,1,1,0,1,155777,39
1,0,2,1,1,75347,26
0,1,2,1,1,109944,34
0,1,1,0,0,151919,38
1,0,1,2,1,99991,40
1,1,1,0,1,137176,48
0,0,3,2,2,195023,52
0,0,3,2,2,195495,52
1,0,1,0,1,133844,47
1,1,1,2,1,106070,41
1,0,3,1,2,71780,26
1,0,2,1,1,73739,26
0,1,3,2,2,210383,55
1,0,1,0,1,92127,26
0,1,1,0,1,134673,35
1,0,3,2,2,161358,45
0,1,1,0,1,174193,43
1,0,1,0,1,107669,29
1,0,1,0,1,97293,27
0,1,1,0,1,159298,40
1,0,1,0,1,106365,29
1,0,2,1,1,84791,28
1,0,3,2,2,196998,52
0,0,2,1,1,99429,31
0,1,1,0,0,162346,41
0,0,2,1,1,102607,32
0,1,1,0,1,156427,39
0,1,0,2,1,72343,34
0,0,3,2,2,194711,52
0,1,1,0,1,113047,30
1,0,3,2,2,180824,49
1,0,1,0,1,105566,29
1,0,1,0,0,101386,28
1,1,1,0,1,156752,52
1,1,1,2,1,92645,39
0,1,1,0,0,125577,33
0,1,3,2,2,236406,61
1,0,3,2,2,184060,49
1,0,3,1,1,93918,30
0,0,3,2,2,192609,51
1,0,0,2,1,101493,40
0,1,1,0,0,153777,39
0,0,3,2,2,194012,52
1,0,3,1,2,88810,29
1,0,3,1,2,82774,28
0,1,3,2,2,234558,60
0,1,1,0,1,129176,34
0,1,3,0,2,235801,60
1,0,2,1,1,73661,26
0,1,3,2,1,228858,59
1,0,1,0,1,134547,47
0,1,1,0,1,131425,34
1,0,3,1,1,70566,25
0,1,1,0,1,129410,34
0,0,3,2,2,188374,50
1,1,0,2,1,115379,43
0,1,1,0,1,148239,38
0,1,3,1,1,113132,34
0,1,1,0,0,127676,33
0,1,3,0,2,217524,57
1,1,1,2,1,82988,36
1,0,2,1,1,59960,23
0,1,1,0,1,159814,40
0,1,3,2,2,263453,66
1,0,3,0,1,215266,56
0,1,1,0,1,122665,32
1,0,2,1,1,72912,26
1,1,1,2,1,91561,38
0,1,1,0,1,115688,31
0,1,1,0,1,140870,36
0,1,1,0,1,117768,31
1,0,2,1,1,82277,28
1,1,3,2,2,226936,59
1,0,3,0,2,178683,48
1,0,3,2,2,175780,48
0,1,2,1,1,129920,38
0,0,3,2,2,200383,53
0,0,3,2,2,205531,54
0,1,1,0,1,128522,33
1,0,0,2,1,111744,43
0,1,3,2,2,235091,60
0,0,3,2,2,204379,54
0,1,3,2,2,212735,56
0,1,1,0,1,174015,43
1,0,2,1,1,71231,26
0,0,2,1,1,99718,32
1,0,3,2,1,161767,45
0,1,3,2,1,110870,34
0,1,1,0,1,137931,35
1,0,0,2,1,103496,41
1,1,1,2,1,104642,41
0,1,1,0,1,130933,34
0,0,2,1,2,98952,31
0,1,1,0,0,116710,31
1,1,1,2,1,107681,42
1,0,1,0,0,96164,27
1,0,0,0,1,128341,46
1,0,2,2,1,82311,28
1,0,2,1,2,78110,27
1,1,1,0,1,142629,49
1,1,1,2,1,116382,44
0,0,3,2,2,201048,53
1,1,0,2,1,109721,42
0,1,1,0,0,124088,32
0,1,1,0,1,162272,41
1,0,2,1,1,92180,30
0,1,1,0,1,120607,32
1,0,1,2,1,119524,44
0,1,1,0,1,118233,31
1,0,1,0,1,128788,46
1,1,1,0,1,137767,48
1,0,3,1,2,87741,29
0,1,1,0,1,125360,33
1,1,1,0,1,137722,48
0,1,1,0,1,158158,40
1,1,1,0,1,130379,47
0,1,3,0,2,255835,65
0,1,3,2,2,237836,61
0,1,1,0,1,132082,34
1,0,1,0,0,106088,29
0,1,1,0,1,139380,36
1,0,3,1,1,74241,26
0,1,1,0,1,166363,41
0,1,1,0,0,151014,38
1,1,1,2,1,105014,41
1,0,1,0,1,108252,29
0,1,3,2,2,263001,66
1,0,2,1,1,83628,28
1,0,2,1,1,78638,27
1,0,1,0,1,94724,26
1,0,3,2,2,184862,50
1,0,1,1,1,87761,29
0,0,3,2,2,198908,53
1,0,0,2,1,82090,36
0,1,3,2,2,218633,57
1,0,3,2,2,175863,48
0,1,2,1,2,125620,37
1,0,2,1,1,79932,27
1,0,3,2,2,182225,49
0,1,3,2,2,223084,58
1,0,0,2,1,82393,36
1,0,1,0,1,109589,29
1,0,0,0,1,131967,47
0,1,2,1,1,117097,35
1,1,0,2,1,102781,41
0,0,3,2,1,193053,51
0,0,3,2,2,204662,54
0,0,2,1,1,101603,32
1,0,2,1,2,76534,27
0,0,3,1,1,98883,31
0,1,3,2,2,244718,62
0,1,1,0,1,129594,34
0,1,3,2,2,223184,58
1,0,3,1,1,65117,24
0,1,1,0,1,157256,40
1,0,0,2,1,125161,45
0,1,3,2,2,214676,56
0,0,3,2,1,191232,51
1,0,3,1,1,70801,25
1,0,2,1,2,52051,21
1,0,3,2,2,153220,43
1,1,0,2,1,95793,39
0,1,3,1,2,124004,37
0,1,3,2,2,248741,63
1,1,1,2,1,118968,44
1,0,1,0,0,106422,29
1,0,0,2,1,116008,43
1,0,0,0,1,154255,52
1,1,1,0,1,148215,50
1,0,3,2,2,179952,49
1,0,3,2,2,183878,49
1,0,3,1,1,75058,26
0,1,1,0,0,134317,35
1,0,3,2,2,154253,43
1,0,1,2,1,91762,38
0,1,3,2,2,213082,56
1,0,3,2,2,168099,46
0,1,3,2,2,228665,59
0,1,1,0,1,139354,36
1,0,1,0,0,93570,26
0,1,3,2,2,220973,57
0,1,3,1,2,109082,34
0,1,1,0,1,144562,37
1,1,1,2,1,96599,39
0,1,1,0,1,141181,36
1,0,3,2,2,170715,47
1,0,1,0,1,128731,46
1,1,1,0,1,139712,49
1,0,3,1,1,75419,26
1,0,2,1,1,88343,29
1,0,2,1,1,54938,22
1,0,1,0,1,93057,26
1,0,1,2,1,109412,42
1,0,1,2,1,82595,36
0,1,1,0,1,134255,35
0,0,3,2,2,203162,53
0,1,3,2,2,219479,57
0,1,1,0,1,127646,33
1,0,3,2,2,179911,49
1,1,0,2,1,100216,40
1,1,3,2,2,222966,58
1,0,3,0,1,210434,55
1,0,1,2,1,98228,40
0,1,1,0,1,154745,39
1,1,3,0,1,215966,56
0,1,3,2,2,216722,56
0,1,1,0,1,154370,39
1,0,1,0,1,101130,28
1,0,0,2,1,108960,42
0,1,2,1,2,111235,34
1,0,1,0,1,109373,29
0,1,1,0,1,117904,31
0,0,3,1,1,96958,31
1,0,0,0,1,139912,49
0,1,1,0,1,115027,31
1,0,1,0,0,103874,28
0,1,1,0,1,118757,31
0,0,3,2,2,206979,54
1,0,2,1,1,81278,28
1,0,3,1,1,89339,29
1,1,0,2,1,97580,40
0,1,1,0,1,146741,37
0,0,3,2,2,201809,53
1,0,3,1,2,87602,29
1,1,0,2,1,100339,40
0,1,1,0,1,153092,39
0,1,1,0,1,157620,40
1,0,1,2,1,104761,41
1,0,2,1,1,69600,25
0,0,2,1,1,96157,31
1,0,3,2,2,158237,44
0,0,2,1,1,101103,32
1,0,2,1,1,86853,29
1,0,0,2,1,110153,42
0,0,3,0,2,190674,51
1,1,0,2,1,120843,45
1,0,1,0,1,101168,28
0,1,1,0,1,153142,39
1,0,0,2,1,106615,41
1,0,3,2,2,183219,49
0,0,3,2,2,196436,52
1,0,2,1,1,94157,30
1,0,0,0,1,127405,46
0,1,1,0,1,122800,32
0,1,3,2,2,226410,58
1,0,3,1,1,61762,23
1,0,1,2,1,118361,44
0,1,1,0,1,150523,38
0,1,1,0,0,156395,39
0,1,1,0,1,128786,33
0,1,3,1,1,124670,37
1,0,1,2,1,94149,39
0,1,3,2,2,281401,70
1,1,1,2,1,89531,38
1,1,1,2,1,119464,44
0,1,1,0,1,155380,39
1,0,2,1,1,89407,29
0,1,1,0,1,127726,33
1,0,3,2,2,192724,51
0,1,1,0,1,133238,34
1,0,2,1,1,70133,25
0,1,1,0,1,158084,40
0,0,3,2,2,187071,50
0,1,1,0,1,140396,36
1,0,3,2,2,177800,48
1,1,3,2,2,226570,58
1,0,1,2,1,95683,39
0,0,3,2,2,202499,53
1,0,3,1,2,82357,28
0,1,1,0,1,167359,42
0,1,1,0,1,164842,41
1,0,1,2,1,107899,42
0,0,2,1,1,105357,33
1,0,3,2,2,163813,45
0,1,1,0,1,129580,34
0,1,1,0,1,155243,39
0,1,1,0,1,127241,33
0,1,1,0,1,146916,37
0,0,2,1,1,104466,33
1,1,1,0,1,132299,47
0,1,1,0,1,135632,35
1,1,1,2,1,91958,38
0,0,2,1,1,107264,33
0,1,1,0,1,134714,35
0,0,3,2,2,204333,54
0,0,2,1,1,105408,33
1,1,1,2,1,92056,38
0,0,2,1,1,97610,31
1,0,2,1,1,84544,28
1,0,1,2,1,105674,41
1,0,1,0,1,127059,46
0,1,3,1,1,111915,34
1,1,0,0,1,147110,50
0,0,2,1,1,94907,31
0,0,3,2,2,194281,52
0,0,2,1,1,104899,33
1,0,2,1,1,67410,25
1,0,2,1,1,77846,27
1,1,1,2,1,104289,41
0,1,1,0,1,115176,31
0,1,3,1,1,114033,35
0,1,1,0,1,137840,35
0,1,3,2,2,242888,62
0,1,1,0,1,132928,34
1,0,2,1,1,89513,29
1,0,3,1,1,80424,27
0,1,3,2,2,226327,58
0,0,3,2,1,199502,53
1,0,3,1,2,94521,30
1,0,0,2,1,98264,40
0,0,2,1,1,98405,31
1,0,3,2,1,195745,52
1,0,1,0,1,142465,49
0,0,3,1,2,99494,31
0,1,1,0,1,131512,34
0,1,1,0,1,120639,32
1,0,3,1,1,77113,27
0,1,1,0,1,111239,30
0,0,3,2,1,207111,54
1,0,2,1,2,76716,27
1,1,0,2,1,123845,45
0,1,1,0,0,122182,32
0,1,1,0,1,135279,35
0,1,1,0,1,129327,34
0,1,1,0,1,136355,35
0,0,3,1,2,98946,31
0,1,1,0,1,116809,31
1,0,1,2,1,86581,37
0,1,3,2,2,223679,58
1,1,0,2,1,111046,42
1,0,2,1,1,76410,27
1,0,2,1,1,79075,27
0,1,3,2,1,219576,57
1,1,1,0,1,133210,47
1,0,3,2,2,176006,48
0,0,3,2,2,190561,51
0,1,1,0,1,128897,33
0,1,1,0,1,155088,39
1,0,2,1,1,67752,25
0,0,1,2,1,71934,34
1,1,0,2,1,78776,36
0,1,1,0,1,114591,30
1,0,3,1,1,60792,23
0,1,3,2,2,213089,56
0,0,3,2,2,205270,54
0,1,1,0,1,142454,36
1,0,2,1,1,91923,30
1,0,2,1,1,69482,25
0,0,2,1,1,102262,32
1,0,1,2,1,104238,41
1,1,0,2,1,104364,41
1,0,3,2,2,166987,46
0,1,1,0,1,154990,39
0,1,1,0,1,135333,35
0,1,1,0,1,115774,31
0,1,3,0,2,213354,56
0,0,3,2,2,201171,53
1,0,2,1,2,74857,26
0,1,3,2,2,309364,76
1,1,0,2,1,87173,37
1,0,0,0,1,128247,46
0,1,0,2,1,78056,35
1,0,1,2,1,107963,42
0,1,1,0,1,122512,32
1,0,3,2,2,183886,49
0,1,3,2,2,222364,58
1,1,1,0,1,139745,49
0,1,1,0,1,132012,34
1,0,3,1,2,66074,24
1,1,1,2,1,115860,43
0,1,3,2,2,217807,57
0,0,3,2,2,194189,52
0,1,1,0,1,148998,38
0,1,1,0,1,130794,34
1,0,2,1,1,77457,27
0,0,2,2,1,103602,32
0,0,3,2,2,204439,54
1,1,0,0,1,146094,50
0,0,2,1,2,100433,32
0,1,2,1,2,111189,34
0,1,3,2,2,213072,56
0,1,3,2,2,270527,68
1,0,3,2,2,168144,46
0,1,1,0,1,138967,36
1,0,0,0,1,127049,46
0,1,3,0,1,230074,59
1,1,1,2,1,89625,38
1,1,1,2,1,99928,40
1,0,0,0,1,141651,49
0,0,2,1,1,103982,32
0,1,1,0,1,133012,34
1,0,2,1,1,72644,26
1,1,0,2,1,102588,41
1,0,2,1,1,82560,28
1,0,2,1,1,80197,27
0,0,3,2,1,191735,51
0,1,1,0,0,146158,37
1,0,2,1,1,73889,26
0,1,1,0,1,147901,38
1,1,0,2,1,117584,44
1,0,3,1,1,52405,22
0,1,3,2,2,210360,55
1,0,1,2,1,117470,44
0,1,1,0,1,118550,31
1,1,0,2,1,101547,40
1,0,2,1,1,66832,25
0,1,3,2,2,218481,57
0,0,3,1,1,98265,31
1,0,0,2,1,90632,38
0,1,1,0,1,128975,34
1,0,3,1,1,85231,28
1,0,1,2,1,91753,38
1,1,1,2,1,114208,43
1,0,3,1,1,87575,29
0,1,1,0,1,118269,31
0,1,1,0,0,135600,35
0,1,1,0,1,153697,39
1,1,1,2,1,88796,38
0,1,1,0,1,124611,33
1,0,1,0,1,127615,46
0,1,1,0,1,147778,37
1,0,3,2,2,184127,49
0,1,1,0,0,144868,37
0,1,3,2,2,211298,55
0,1,1,0,1,170539,42
0,1,1,0,1,120752,32
0,0,3,1,1,96380,31
0,0,2,1,1,108007,33
1,0,3,2,2,167440,46
1,1,1,2,1,93694,39
1,0,2,1,1,86389,29
1,1,1,2,1,90259,38
1,0,3,1,1,84239,28
0,1,1,0,1,132423,34
0,1,1,0,1,147933,38
1,1,0,2,1,125386,45
0,1,1,0,1,122579,32
1,0,1,0,1,108402,29
1,0,1,0,1,142218,49
0,1,1,0,1,148497,38
0,0,3,2,2,193178,51
0,0,3,2,1,185985,50
1,1,1,0,1,129831,46
1,0,1,2,1,78502,36
1,1,3,2,2,231470,59
1,0,0,2,1,105568,41
1,0,0,0,1,167437,54
0,1,3,2,2,218963,57
1,0,0,0,1,148748,50
0,0,2,1,1,102068,32
1,0,2,1,1,75300,26
0,1,1,0,0,138272,35
0,1,1,0,1,122474,32
0,1,1,2,1,93609,39
0,0,2,1,1,103768,32
1,0,2,1,1,87209,29
0,1,1,0,0,149246,38
1,1,0,2,1,87581,37
1,0,2,1,1,67962,25
1,0,3,2,2,169249,46
0,0,3,2,2,202616,53
1,0,1,0,1,109187,29
1,0,3,1,1,81963,28
1,1,1,2,1,103643,41
1,0,1,2,1,103868,41
1,0,3,0,2,167896,46
0,1,1,0,1,158800,40
1,0,1,0,0,97289,27
0,1,1,0,1,142712,36
0,1,2,1,1,111333,34
1,0,2,1,1,80050,27
1,0,2,1,1,82095,28
0,1,3,2,2,237709,61
1,1,1,2,1,93719,39
1,0,1,2,1,97670,40
0,1,1,2,1,60432,32
0,1,1,0,1,118313,31
0,1,1,0,0,132741,34
0,1,1,0,1,151414,38
1,0,1,0,1,131342,47
1,0,3,1,1,73817,26
0,1,3,2,2,232662,60
0,1,1,0,1,121568,32
1,0,3,2,2,164859,45
1,0,1,2,1,119819,44
1,0,3,2,1,168043,46
1,0,2,1,1,89204,29
0,0,3,1,1,95915,31
0,1,2,1,1,121439,36
1,0,2,1,2,84674,28
1,0,1,2,1,109657,42
0,1,1,0,1,140300,36
0,0,3,2,2,190132,51
0,1,3,2,2,218816,57
0,1,1,0,1,118930,31
0,1,1,0,1,150724,38
0,1,1,0,1,141251,36
1,0,3,1,1,84080,28
